"plate.name","well","value"
"PeleGHPlate1","A01","EZE_EZ1_7"
"PeleGHPlate1","A02","HB_HB14_4"
"PeleGHPlate1","A03","WOR_fg2_3"
"PeleGHPlate1","A04","ME_ME2_5"
"PeleGHPlate1","A05","ME_ME17_28"
"PeleGHPlate1","A06","UDP_UP38_3"
"PeleGHPlate1","A07","UDP_M1U_8"
"PeleGHPlate1","A08","UDP_UD4_9"
"PeleGHPlate1","A09","ME_ME17_13"
"PeleGHPlate1","A10","ME_ME17_32"
"PeleGHPlate1","A11","ME_ME8_7"
"PeleGHPlate1","A12","ME_ME17_1"
"PeleGHPlate1","B01","NR_NR6_1"
"PeleGHPlate1","B02","EZE_EZ4_1"
"PeleGHPlate1","B03","FG_FG24_3"
"PeleGHPlate1","B04","FG_FG24_5"
"PeleGHPlate1","B05","UDP_UD13_8"
"PeleGHPlate1","B06","KB_K13_10"
"PeleGHPlate1","B07","HB_HB28_1"
"PeleGHPlate1","B08","FG_FG24_1"
"PeleGHPlate1","B09","ME_ME8_9"
"PeleGHPlate1","B10","UDP_UP45_1"
"PeleGHPlate1","B11","UDP_UD13_20"
"PeleGHPlate1","B12","FG_FG27_1"
"PeleGHPlate1","C01","VR_VR23_1"
"PeleGHPlate1","C02","SB_SB10_2"
"PeleGHPlate1","C03","HB_HB19_1"
"PeleGHPlate1","C04","UDP_M13_7"
"PeleGHPlate1","C05","VR_VR16_1"
"PeleGHPlate1","C06","SB_SW13_2"
"PeleGHPlate1","C07","ME_ME8_4"
"PeleGHPlate1","C08","ME_ME17_8"
"PeleGHPlate1","C09","NR_NR12_1"
"PeleGHPlate1","C10","UDP_M5_6"
"PeleGHPlate1","C11","VR_VR10_4"
"PeleGHPlate1","C12","HB_HB14_2"
"PeleGHPlate1","D01","UDP_UP45_12"
"PeleGHPlate1","D02","SEW_SEWUSE3_3"
"PeleGHPlate1","D03","UDP_UD10_1"
"PeleGHPlate1","D04","UDP_M13_4"
"PeleGHPlate1","D05","UDP_UD5_1"
"PeleGHPlate1","D06","UDP_UD4_2"
"PeleGHPlate1","D07","ME_ME6_9"
"PeleGHPlate1","D08","PK_P4_1"
"PeleGHPlate1","D09","UDP_M8_4"
"PeleGHPlate1","D10","PK_D_1"
"PeleGHPlate1","D11","HB_HB11_14"
"PeleGHPlate1","D12","UDP_M4_1"
"PeleGHPlate1","E01","SEW_SEW6_1"
"PeleGHPlate1","E02","ME_ME9_2"
"PeleGHPlate1","E03","SB_SB16_3"
"PeleGHPlate1","E04","HB_HB41_13"
"PeleGHPlate1","E05","HB_HB41_1"
"PeleGHPlate1","E06","UDP_UD20_3"
"PeleGHPlate1","E07","ME_ME17_35"
"PeleGHPlate1","E08","ORW_ORW12_2"
"PeleGHPlate1","E09","ME_ME8_25"
"PeleGHPlate1","E10","UDP_UD20_7"
"PeleGHPlate1","E11","EZE_EZ8_4"
"PeleGHPlate1","E12","EZE_EZ10_1"
"PeleGHPlate1","F01","WOR_fg2_5"
"PeleGHPlate1","F02","UDP_UP45_25"
"PeleGHPlate1","F03","UDP_M13_6"
"PeleGHPlate1","F04","ME_MEP2_1"
"PeleGHPlate1","F05","HB_HB41_7"
"PeleGHPlate1","F06","ME_ME6_1"
"PeleGHPlate1","F07","UDP_UP39_10"
"PeleGHPlate1","F08","KB_K15_10"
"PeleGHPlate1","F09","SB_SB8_1"
"PeleGHPlate1","F10","SEW_SEW6_5"
"PeleGHPlate1","F11","HB_HB28_3"
"PeleGHPlate1","F12","EZE_EZ9_2"
"PeleGHPlate1","G01","UDP_UP38_7"
"PeleGHPlate1","G02","UDP_UP45_12"
"PeleGHPlate1","G03","HB_HB16_1"
"PeleGHPlate1","G04","UDP_M13_5"
"PeleGHPlate1","G05","UDP_M5_4"
"PeleGHPlate1","G06","ME_ME6_25"
"PeleGHPlate1","G07","EZE_EZ8_1"
"PeleGHPlate1","G08","UDP_M1U_6"
"PeleGHPlate1","G09","AU_AU28_2"
"PeleGHPlate1","G10","PK_P20_4"
"PeleGHPlate1","G11","HB_HB41_9"
"PeleGHPlate1","G12","EZE_EZ2_1"
"PeleGHPlate1","H01","UDP_UP45_5"
"PeleGHPlate1","H02","ME_ME17_6"
"PeleGHPlate1","H03","KB_KB19_5"
"PeleGHPlate1","H04","UDP_UD13_3"
"PeleGHPlate1","H05","HB_HB32_5"
"PeleGHPlate1","H06","VR_VR23_19"
"PeleGHPlate1","H07","WOR_fg2_7"
"PeleGHPlate1","H08","KB_K19_2"
"PeleGHPlate1","H09","UDP_UD20_10"
"PeleGHPlate1","H10","KB_K19_10"
"PeleGHPlate1","H11","HB_HB17_4"
"PeleGHPlate1","H12","VR_VR31_5"
"PeleGHPlate2","A01","UDP_UP38_9"
"PeleGHPlate2","A02","UDP_UP45_10"
"PeleGHPlate2","A03","FG_FG24_7"
"PeleGHPlate2","A04","UDP_UD10_7"
"PeleGHPlate2","A05","ME_ME17_24"
"PeleGHPlate2","A06","ME_MEP2_3"
"PeleGHPlate2","A07","UDP_M13_25"
"PeleGHPlate2","A08","ME_ME6_29"
"PeleGHPlate2","A09","UDP_UD13_16"
"PeleGHPlate2","A10","ME_MEP2_9"
"PeleGHPlate2","A11","UDP_UP38_19"
"PeleGHPlate2","A12","HB_HB16_5"
"PeleGHPlate2","B01","UDP_UD4_6"
"PeleGHPlate2","B02","UDP_UD13_26"
"PeleGHPlate2","B03","KB_K13_2"
"PeleGHPlate2","B04","EZE_EZ9_5"
"PeleGHPlate2","B05","UDP_UP38_1"
"PeleGHPlate2","B06","HB_HB11_2"
"PeleGHPlate2","B07","UDP_M4_5"
"PeleGHPlate2","B08","HB_HB11_8"
"PeleGHPlate2","B09","ME_MEP2_7"
"PeleGHPlate2","B10","VR_VR13_2"
"PeleGHPlate2","B11","UDP_UD13_28"
"PeleGHPlate2","B12","UDP_UP39_4"
"PeleGHPlate2","C01","UDP_UP45_7"
"PeleGHPlate2","C02","HB_HB46_5"
"PeleGHPlate2","C03","HB_HB11_12"
"PeleGHPlate2","C04","UDP_UP45_19"
"PeleGHPlate2","C05","KB_K19_4"
"PeleGHPlate2","C06","UDP_UD13_11"
"PeleGHPlate2","C07","VR_VR27_9"
"PeleGHPlate2","C08","SB_SB16_1"
"PeleGHPlate2","C09","UDP_UD13_18"
"PeleGHPlate2","C10","UDP_UP39_8"
"PeleGHPlate2","C11","MID_MB12_2"
"PeleGHPlate2","C12","MID_MB11_1"
"PeleGHPlate2","D01","UDP_UP38_5"
"PeleGHPlate2","D02","KB_K15_2"
"PeleGHPlate2","D03","UDP_UD13_9"
"PeleGHPlate2","D04","HB_HB41_3"
"PeleGHPlate2","D05","UDP_UD4_4"
"PeleGHPlate2","D06","EZE_EZ8_3"
"PeleGHPlate2","D07","HB_HB32_3"
"PeleGHPlate2","D08","ME_ME17_26"
"PeleGHPlate2","D09","KB_K13_6"
"PeleGHPlate2","D10","ME_MEP2_5"
"PeleGHPlate2","D11","ME_ME6_7"
"PeleGHPlate2","D12","EZE_EZ1_5"
"PeleGHPlate2","E01","UDP_UD13_5"
"PeleGHPlate2","E02","ME_ME2_3"
"PeleGHPlate2","E03","ME_ME17_30"
"PeleGHPlate2","E04","UDP_M13_3"
"PeleGHPlate2","E05","ME_ME8_2"
"PeleGHPlate2","E06","HB_HB49_5"
"PeleGHPlate2","E07","WOR_FG20_9"
"PeleGHPlate2","E08","UDP_UP38_23"
"PeleGHPlate2","E09","HB_HB11_6"
"PeleGHPlate2","E10","EZE_EZ11_2"
"PeleGHPlate2","E11","FG_fg2_5"
"PeleGHPlate2","E12","ME_ME6_12"
"PeleGHPlate2","F01","ME_ME6_5"
"PeleGHPlate2","F02","HB_HB46_3"
"PeleGHPlate2","F03","EZE_EZ4_5"
"PeleGHPlate2","F04","HB_HB16_3"
"PeleGHPlate2","F05","UDP_UP45_21"
"PeleGHPlate2","F06","EZE_EZ1_3"
"PeleGHPlate2","F07","KB_K19_8"
"PeleGHPlate2","F08","ME_ME6_22"
"PeleGHPlate2","F09","HB_HB11_10"
"PeleGHPlate2","F10","UDP_UP45_14"
"PeleGHPlate2","F11","UDP_UP45_23"
"PeleGHPlate2","F12","UDP_UD14_2"
"PeleGHPlate2","G01","WOR_FG20_2"
"PeleGHPlate2","G02","VR_VR27_7"
"PeleGHPlate2","G03","EZE_EZ1_1"
"PeleGHPlate2","G04","WOR_FG21_2"
"PeleGHPlate2","G05","EZE_EZ16_2"
"PeleGHPlate2","G06","ME_ME17_11"
"PeleGHPlate2","G07","MID_MB16_1"
"PeleGHPlate2","G08","VR_VR27_11"
"PeleGHPlate2","G09","HB_HB49_7"
"PeleGHPlate2","G10","PKHLEI_LG15_3"
"PeleGHPlate2","G11","ME_ME8_1"
"PeleGHPlate2","G12","KB_K19_6"
"PeleGHPlate2","H01","ME_ME9_4"
"PeleGHPlate2","H02","HB_HB41_11"
"PeleGHPlate2","H03","KB_K13_8"
"PeleGHPlate2","H04","ME_ME6_24"
"PeleGHPlate2","H05","NR_NR7_1"
"PeleGHPlate2","H06","HB_HB49_3"
"PeleGHPlate2","H07","VR_VR25_1"
"PeleGHPlate2","H08","ME_ME17_3"
"PeleGHPlate2","H09","HB_HB47_2"
"PeleGHPlate2","H10","KB_K6_1"
"PeleGHPlate2","H11","KB_K7_2"
"PeleGHPlate2","H12","VR_VR27_1"
"PeleGHPlate3","A01","UDP_M8_6"
"PeleGHPlate3","A02","HB_HB11_17"
"PeleGHPlate3","A03","SEW_SEWUSE3_1"
"PeleGHPlate3","A04","VR_VR31_2"
"PeleGHPlate3","A05","KB_K15_8"
"PeleGHPlate3","A06","EZE_EZ7_1"
"PeleGHPlate3","A07","UDP_M13_8"
"PeleGHPlate3","A08","UDP_M13_2"
"PeleGHPlate3","A09","UDP_UP39_5"
"PeleGHPlate3","A10","NR_NR6_2"
"PeleGHPlate3","A11","WOR_fg2_1"
"PeleGHPlate3","A12","HB_HB46_4"
"PeleGHPlate3","B01","ORW_ORW1_1"
"PeleGHPlate3","B02","UDP_M13_27"
"PeleGHPlate3","B03","UDP_M13_3"
"PeleGHPlate3","B04","KB_K15_1"
"PeleGHPlate3","B05","ME_ME2_7"
"PeleGHPlate3","B06","EZE_EZ5_5"
"PeleGHPlate3","B07","UDP_UD20_1"
"PeleGHPlate3","B08","UDP_UD13_7"
"PeleGHPlate3","B09","HB_HB47_1"
"PeleGHPlate3","B10","UDP_M13_1"
"PeleGHPlate3","B11","EZE_EZ16_3"
"PeleGHPlate3","B12","ME_ME6_8"
"PeleGHPlate3","C01","UDP_M1U_2"
"PeleGHPlate3","C02","KB_K100_2"
"PeleGHPlate3","C03","ME_ME6_31"
"PeleGHPlate3","C04","UDP_UP38_21"
"PeleGHPlate3","C05","HB_HB17_2"
"PeleGHPlate3","C06","UDP_M13_1"
"PeleGHPlate3","C07","ME_ME17_4"
"PeleGHPlate3","C08","HB_HB32_1"
"PeleGHPlate3","C09","FG_FG27_3"
"PeleGHPlate3","C10","MID_1607_1"
"PeleGHPlate3","C11","ORW_ORW1_2"
"PeleGHPlate3","C12","HB_HB49_4"
"PeleGHPlate3","D01","PKHLEI_LG15_1"
"PeleGHPlate3","D02","SEW_SEW6_3"
"PeleGHPlate3","D03","HB_HB46_1"
"PeleGHPlate3","D04","UDP_M5_2"
"PeleGHPlate3","D05","EZE_EZ5_1"
"PeleGHPlate3","D06","UDP_UP45_3"
"PeleGHPlate3","D07","EZE_EZ9_4"
"PeleGHPlate3","D08","EZE_EZ8_2"
"PeleGHPlate3","D09","UDP_UD13_4"
"PeleGHPlate3","D10","UDP_M13_4"
"PeleGHPlate3","D11","ME_ME6_26"
"PeleGHPlate3","D12","VR_VR27_8"
"PeleGHPlate3","E01","ME_ME8_24"
"PeleGHPlate3","E02","VR_VR27_5"
"PeleGHPlate3","E03","EZE_EZ2_3"
"PeleGHPlate3","E04","EZE_EZ4_3"
"PeleGHPlate3","E05","UDP_UD10_3"
"PeleGHPlate3","E06","VR_VR3_1"
"PeleGHPlate3","E07","KB_K15_4"
"PeleGHPlate3","E08","UDP_M4_4"
"PeleGHPlate3","E09","HB_HB19_5"
"PeleGHPlate3","E10","EZE_EZ4_2"
"PeleGHPlate3","E11","ME_ME6_21"
"PeleGHPlate3","E12","SB_SB7_1"
"PeleGHPlate3","F01","PK_D_3"
"PeleGHPlate3","F02","ME_ME17_33"
"PeleGHPlate3","F03","ME_ME6_3"
"PeleGHPlate3","F04","HB_HB19_3"
"PeleGHPlate3","F05","HB_HB41_5"
"PeleGHPlate3","F06","UDP_UD13_22"
"PeleGHPlate3","F07","VR_VR10_1"
"PeleGHPlate3","F08","UDP_UD14_1"
"PeleGHPlate3","F09","EZE_EZ9_1"
"PeleGHPlate3","F10","ME_ME2_4"
"PeleGHPlate3","F11","UDP_UP38_10"
"PeleGHPlate3","F12","WOR_FG30_1"
"PeleGHPlate3","G01","ME_ME6_27"
"PeleGHPlate3","G02","UDP_UD13_1"
"PeleGHPlate3","G03","UDP_M1U_4"
"PeleGHPlate3","G04","LG_LG16_1"
"PeleGHPlate3","G05","EZE_EZ5_3"
"PeleGHPlate3","G06","UDP_UD4_8"
"PeleGHPlate3","G07","ME_ME17_31"
"PeleGHPlate3","G08","HB_HB28_2"
"PeleGHPlate3","G09","HB_HB32_4"
"PeleGHPlate3","G10","UDP_M8_3"
"PeleGHPlate3","G11","UDP_UD4_1"
"PeleGHPlate3","G12","SEW_SEW6_2"
"PeleGHPlate3","H01","VR_VR31_3"
"PeleGHPlate3","H02","UDP_UP39_6"
"PeleGHPlate3","H03","UDP_UP38_17"
"PeleGHPlate3","H04","HB_HB14_6"
"PeleGHPlate3","H05","ME_ME8_22"
"PeleGHPlate3","H06","KB_K15_6"
"PeleGHPlate3","H07","HB_HB47_6"
"PeleGHPlate3","H08","KB_K13_11"
"PeleGHPlate3","H09","HB_HB41_4"
"PeleGHPlate3","H10","UDP_UD10_8"
"PeleGHPlate3","H11","ME_ME8_3"
"PeleGHPlate3","H12","UDP_UP38_18"
"PeleGHPlate4","A01","HB_HB28_5"
"PeleGHPlate4","A02","UDP_UD10_6"
"PeleGHPlate4","A03","MID_MB14_1"
"PeleGHPlate4","A04","UDP_M13_10"
"PeleGHPlate4","A05","ME_MEP2_6"
"PeleGHPlate4","A06","ME_ME17_12"
"PeleGHPlate4","A07","HB_HB17_3"
"PeleGHPlate4","A08","ME_ME6_4"
"PeleGHPlate4","A09","KB_K15_3"
"PeleGHPlate4","A10","ME_ME6_11"
"PeleGHPlate4","A11","UDP_UD20_2"
"PeleGHPlate4","A12","UDP_UD13_21"
"PeleGHPlate4","B01","KB_K7_1"
"PeleGHPlate4","B02","KB_K13_7"
"PeleGHPlate4","B03","UDP_UP39_1"
"PeleGHPlate4","B04","EZE_EZ5_4"
"PeleGHPlate4","B05","UDP_M5_1"
"PeleGHPlate4","B06","HB_HB11_3"
"PeleGHPlate4","B07","VR_VR27_4"
"PeleGHPlate4","B08","EZE_EZ19_1"
"PeleGHPlate4","B09","SB_SB6_1"
"PeleGHPlate4","B10","EZE_EZ11_1"
"PeleGHPlate4","B11","ME_ME2_6"
"PeleGHPlate4","B12","HB_HB11_1"
"PeleGHPlate4","C01","ME_ME6_23"
"PeleGHPlate4","C02","EZE_EZ7_3"
"PeleGHPlate4","C03","UDP_M4_2"
"PeleGHPlate4","C04","UDP_M1U_1"
"PeleGHPlate4","C05","WOR_FG20_6"
"PeleGHPlate4","C06","UDP_UD4_7"
"PeleGHPlate4","C07","NR_NR12_2"
"PeleGHPlate4","C08","UDP_UP39_7"
"PeleGHPlate4","C09","ME_ME17_10"
"PeleGHPlate4","C10","KB_K15_7"
"PeleGHPlate4","C11","ME_ME6_32"
"PeleGHPlate4","C12","ME_ME8_23"
"PeleGHPlate4","D01","SB_SB10_1"
"PeleGHPlate4","D02","FG_FG24_10"
"PeleGHPlate4","D03","SB_SB9_1"
"PeleGHPlate4","D04","VR_VR27_2"
"PeleGHPlate4","D05","HB_HB19_2"
"PeleGHPlate4","D06","ME_ME9_1"
"PeleGHPlate4","D07","UDP_UP45_22"
"PeleGHPlate4","D08","VR_VR13_6"
"PeleGHPlate4","D09","EZE_EZ1_6"
"PeleGHPlate4","D10","UDP_UD13_19"
"PeleGHPlate4","D11","UDP_UP38_22"
"PeleGHPlate4","D12","ME_ME8_26"
"PeleGHPlate4","E01","UDP_UD20_4"
"PeleGHPlate4","E02","UDP_UP39_9"
"PeleGHPlate4","E03","ORW_ORW12_1"
"PeleGHPlate4","E04","SB_SW13_1"
"PeleGHPlate4","E05","EZE_EZ10_2"
"PeleGHPlate4","E06","UDP_UD20_11"
"PeleGHPlate4","E07","ME_ME8_2"
"PeleGHPlate4","E08","UDP_M13_9"
"PeleGHPlate4","E09","KB_K100_3"
"PeleGHPlate4","E10","HB_HB47_3"
"PeleGHPlate4","E11","KB_K13_9"
"PeleGHPlate4","E12","VR_VR27_6"
"PeleGHPlate4","F01","EZE_EZ2_4"
"PeleGHPlate4","F02","HB_HB16_6"
"PeleGHPlate4","F03","UDP_M8_1"
"PeleGHPlate4","F04","ME_ME6_30"
"PeleGHPlate4","F05","UDP_UP45_20"
"PeleGHPlate4","F06","EZE_EZ4_4"
"PeleGHPlate4","F07","MID_MB14_2"
"PeleGHPlate4","F08","SB_SB16_2"
"PeleGHPlate4","F09","WOR_FG20_1"
"PeleGHPlate4","F10","KB_K13_1"
"PeleGHPlate4","F11","EZE_EZ1_4"
"PeleGHPlate4","F12","ME_ME17_27"
"PeleGHPlate4","G01","UDP_M13_6"
"PeleGHPlate4","G02","UDP_M1U_7"
"PeleGHPlate4","G03","ME_ME9_3"
"PeleGHPlate4","G04","WOR_fg2_4"
"PeleGHPlate4","G05","EZE_EZ6_3"
"PeleGHPlate4","G06","UDP_UP38_4"
"PeleGHPlate4","G07","NR_NR6_2"
"PeleGHPlate4","G08","MID_MB11_2"
"PeleGHPlate4","G09","ME_MEP2_8"
"PeleGHPlate4","G10","UDP_UP45_4"
"PeleGHPlate4","G11","VR_VR19_1"
"PeleGHPlate4","G12","VR_VR32_2"
"PeleGHPlate4","H01","PK_P20_1"
"PeleGHPlate4","H02","UDP_UD14_3"
"PeleGHPlate4","H03","KB_K3_2"
"PeleGHPlate4","H04","UDP_M13_2"
"PeleGHPlate4","H05","UDP_UD4_5"
"PeleGHPlate4","H06","WOR_FG20_3"
"PeleGHPlate4","H07","EZE_EZ1_2"
"PeleGHPlate4","H08","UDP_UP38_6"
"PeleGHPlate4","H09","EZE_EZ11_3"
"PeleGHPlate4","H10","ME_ME17_25"
"PeleGHPlate4","H11","UDP_UD14_5"
"PeleGHPlate4","H12","ME_ME6_10"
"PeleGHPlate5","A01","UDP_UD13_17"
"PeleGHPlate5","A02","WOR_FG1_3"
"PeleGHPlate5","A03","ME_MEP2_2"
"PeleGHPlate5","A04","HB_HB11_15"
"PeleGHPlate5","A05","HB_HB41_6"
"PeleGHPlate5","A06","PKHLEI_LG15_2"
"PeleGHPlate5","A07","ME_ME6_28"
"PeleGHPlate5","A08","UDP_UD20_9"
"PeleGHPlate5","A09","KB_K19_3"
"PeleGHPlate5","A10","UDP_UP45_6"
"PeleGHPlate5","A11","HB_HB46_2"
"PeleGHPlate5","A12","UDP_UP45_15"
"PeleGHPlate5","B01","UDP_UD4_12"
"PeleGHPlate5","B02","HB_HB32_6"
"PeleGHPlate5","B03","HB_HB16_2"
"PeleGHPlate5","B04","EZE_EZ2_2"
"PeleGHPlate5","B05","UDP_UP38_20"
"PeleGHPlate5","B06","HB_HB17_5"
"PeleGHPlate5","B07","ME_ME17_2"
"PeleGHPlate5","B08","KB_K7_3"
"PeleGHPlate5","B09","VR_VR31_1"
"PeleGHPlate5","B10","VR_VR31_4"
"PeleGHPlate5","B11","EZE_EZ7_2"
"PeleGHPlate5","B12","FG_FG24_4"
"PeleGHPlate5","C01","PKHLEI_LG9_1"
"PeleGHPlate5","C02","SEW_SEW6_4"
"PeleGHPlate5","C03","KB_K8_1"
"PeleGHPlate5","C04","NR_NR8_14"
"PeleGHPlate5","C05","UDP_UD14_6"
"PeleGHPlate5","C06","UDP_M1U_5"
"PeleGHPlate5","C07","UDP_UP39_3"
"PeleGHPlate5","C08","EZE_EZ11_7"
"PeleGHPlate5","C09","VR_VR3_2"
"PeleGHPlate5","C10","UDP_UP45_13"
"PeleGHPlate5","C11","PKHLEI_LG15_6"
"PeleGHPlate5","C12","UDP_UD4_3"
"PeleGHPlate5","D01","MB_MB16_2"
"PeleGHPlate5","D02","FG_FG24_6"
"PeleGHPlate5","D03","ME_ME17_23"
"PeleGHPlate5","D04","UDP_UD10_4"
"PeleGHPlate5","D05","UDP_M13_7"
"PeleGHPlate5","D06","VR_VR35_1"
"PeleGHPlate5","D07","UDP_UP45_11"
"PeleGHPlate5","D08","HB_HB41_2"
"PeleGHPlate5","D09","UDP_UD13_10"
"PeleGHPlate5","D10","KB_K15_11"
"PeleGHPlate5","D11","UDP_M5_5"
"PeleGHPlate5","D12","FG_FG27_2"
"PeleGHPlate5","E01","KB_K19_1"
"PeleGHPlate5","E02","KB_K13_3"
"PeleGHPlate5","E03","ME_ME6_2"
"PeleGHPlate5","E04","HB_HB11_7"
"PeleGHPlate5","E05","UDP_UP38_16"
"PeleGHPlate5","E06","VR_VR23_18"
"PeleGHPlate5","E07","EZE_EZ5_6"
"PeleGHPlate5","E08","HB_HB16_4"
"PeleGHPlate5","E09","KB_K13_5"
"PeleGHPlate5","E10","UDP_M13_5"
"PeleGHPlate5","E11","UDP_M1U_3"
"PeleGHPlate5","E12","SB_SB10_3"
"PeleGHPlate5","F01","ME_ME17_29"
"PeleGHPlate5","F02","PK_ORW8_1"
"PeleGHPlate5","F03","UDP_UD5_2"
"PeleGHPlate5","F04","UDP_UP38_8"
"PeleGHPlate5","F05","HB_HB47_8"
"PeleGHPlate5","F06","HB_HB49_6"
"PeleGHPlate5","F07","ME_ME2_2"
"PeleGHPlate5","F08","UDP_M8_5"
"PeleGHPlate5","F09","HB_HB14_1"
"PeleGHPlate5","F10","VR_VR1_9"
"PeleGHPlate5","F11","SEW_SEW6_8"
"PeleGHPlate5","F12","UDP_UP45_24"
"PeleGHPlate5","G01","VR_VR16_2"
"PeleGHPlate5","G02","ME_ME6_6"
"PeleGHPlate5","G03","UDP_UP38_24"
"PeleGHPlate5","G04","ME_ME8_11"
"PeleGHPlate5","G05","ME_ME17_9"
"PeleGHPlate5","G06","ME_ME8_6"
"PeleGHPlate5","G07","UDP_UD20_6"
"PeleGHPlate5","G08","ME_ME17_7"
"PeleGHPlate5","G09","HB_HB11_5"
"PeleGHPlate5","G10","UDP_M1U_9"
"PeleGHPlate5","G11","ME_ME8_8"
"PeleGHPlate5","G12","HB_HB28_4"
"PeleGHPlate5","H01","NR_NR12_4"
"PeleGHPlate5","H02","SEW_SEWUSE3_2"
"PeleGHPlate5","H03","HB_HB17_1"
"PeleGHPlate5","H04","UDP_M13_30"
"PeleGHPlate5","H05","UDP_UD13_2"
"PeleGHPlate5","H06","HB_HB41_12"
"PeleGHPlate5","H07","UDP_UD20_8"
"PeleGHPlate5","H08","MID_MB12_1"
"PeleGHPlate5","H09","SB_SW4_1"
"PeleGHPlate5","H10","HB_HB11_9"
"PeleGHPlate5","H11","ME_MEP2_4"
"PeleGHPlate5","H12","WOR_FG21_1"
"PeleGHPlate6","A01","KB_K6_2"
"PeleGHPlate6","A02","HB_HB47_5"
"PeleGHPlate6","A03","HB_HB14_3"
"PeleGHPlate6","A04","PVR4_1"
"PeleGHPlate6","A05","PHB33_4"
"PeleGHPlate6","A06","PME10_3"
"PeleGHPlate6","A07","PM16U_6"
"PeleGHPlate6","A08","PME15_4"
"PeleGHPlate6","A09","PEZ1_5"
"PeleGHPlate6","A10","PMB16_2"
"PeleGHPlate6","A11","PK19_11"
"PeleGHPlate6","A12","PUD11_1"
"PeleGHPlate6","B01","HB_HB49_1"
"PeleGHPlate6","B02","EZE_EZ9_3"
"PeleGHPlate6","B03","ME_ME17_5"
"PeleGHPlate6","B04","PM16U_4"
"PeleGHPlate6","B05","PEZ1_1"
"PeleGHPlate6","B06","PUD4_2"
"PeleGHPlate6","B07","PSW4_2"
"PeleGHPlate6","B08","PPK20_4"
"PeleGHPlate6","B09","PM16U_8"
"PeleGHPlate6","B10","PFG29_1"
"PeleGHPlate6","B11","PUD11_5"
"PeleGHPlate6","B12","PHB33_2"
"PeleGHPlate6","C01","KB_K19_9"
"PeleGHPlate6","C02","UDP_UP38_2"
"PeleGHPlate6","C03","UDP_UD4_9"
"PeleGHPlate6","C04","PK15_2"
"PeleGHPlate6","C05","PM16U_2"
"PeleGHPlate6","C06","PUD7_1"
"PeleGHPlate6","C07","PSW11_5"
"PeleGHPlate6","C08","PSEW3_1"
"PeleGHPlate6","C09","PEZ2_1"
"PeleGHPlate6","C10","PUD11_3"
"PeleGHPlate6","C11","PME10_5"
"PeleGHPlate6","C12","PK3_3"
"PeleGHPlate6","D01","HB_HB11_11"
"PeleGHPlate6","D02","ME_ME9_5"
"PeleGHPlate6","D03","UDP_M5_3"
"PeleGHPlate6","D04","PK19_17"
"PeleGHPlate6","D05","PMB16_4"
"PeleGHPlate6","D06","PK19_7"
"PeleGHPlate6","D07","PK13_2"
"PeleGHPlate6","D08","PK19_21"
"PeleGHPlate6","D09","PUD7_5"
"PeleGHPlate6","D10","PFG17_1"
"PeleGHPlate6","D11","PK100_3"
"PeleGHPlate6","D12","PME15_2"
"PeleGHPlate6","E01","UDP_UD13_12"
"PeleGHPlate6","E02","KB_K15_5"
"PeleGHPlate6","E03","PEZ3_1"
"PeleGHPlate6","E04","PME10_1"
"PeleGHPlate6","E05","PSW11_1"
"PeleGHPlate6","E06","PSB10_2"
"PeleGHPlate6","E07","PK15_8"
"PeleGHPlate6","E08","PHB5_2"
"PeleGHPlate6","E09","PK3_1"
"PeleGHPlate6","E10","PHB15_1"
"PeleGHPlate6","E11","Pfg2_4"
"PeleGHPlate6","E12","PM16U_3"
"PeleGHPlate6","F01","HB_HB46_6"
"PeleGHPlate6","F02","ME_MEP2_9"
"PeleGHPlate6","F03","PNR8_3"
"PeleGHPlate6","F04","PUD4_6"
"PeleGHPlate6","F05","PK100_4"
"PeleGHPlate6","F06","PNR16_1"
"PeleGHPlate6","F07","PHB5_4"
"PeleGHPlate6","F08","PUD7_9"
"PeleGHPlate6","F09","PSW4_4"
"PeleGHPlate6","F10","PSB16_2"
"PeleGHPlate6","F11","PME16_1"
"PeleGHPlate6","F12","PPK20_2"
"PeleGHPlate6","G01","ME_ME8_5"
"PeleGHPlate6","G02","PK_PH13_1"
"PeleGHPlate6","G03","PK19_9"
"PeleGHPlate6","G04","PUD7_3"
"PeleGHPlate6","G05","PSW11_3"
"PeleGHPlate6","G06","PME16_4"
"PeleGHPlate6","G07","PMB12_4"
"PeleGHPlate6","G08","PK19_1"
"PeleGHPlate6","G09","PK19_15"
"PeleGHPlate6","G10","PNR8_1"
"PeleGHPlate6","G11","PK19_13"
"PeleGHPlate6","G12","PMB12_1"
"PeleGHPlate6","H01","HB_HB41_14"
"PeleGHPlate6","H02","UDP_UD13_6"
"PeleGHPlate6","H03","PK100_1"
"PeleGHPlate6","H04","PK6_1"
"PeleGHPlate6","H05","PSWEUSE3_1"
"PeleGHPlate6","H06","Pfg2_2"
"PeleGHPlate6","H07","PK6_2"
"PeleGHPlate6","H08","PM1U_6"
"PeleGHPlate6","H09","PM1U_2"
"PeleGHPlate6","H10","Pfg2_6"
"PeleGHPlate6","H11","PSB16_6"
"PeleGHPlate6","H12","PHB15_2"
"PeleGHPlate7","A01","PK15_3"
"PeleGHPlate7","A02","PUD7_7"
"PeleGHPlate7","A03","PHB13_1"
"PeleGHPlate7","A04","PK6_1"
"PeleGHPlate7","A05","PME16_2"
"PeleGHPlate7","A06","PK19_10"
"PeleGHPlate7","A07","PHB5_5"
"PeleGHPlate7","A08","PK19_18"
"PeleGHPlate7","A09","PK19_16"
"PeleGHPlate7","A10","PUD11_2"
"PeleGHPlate7","A11","PK7_1"
"PeleGHPlate7","A12","PSB10_5"
"PeleGHPlate7","B01","PK19_24"
"PeleGHPlate7","B02","PK19_3"
"PeleGHPlate7","B03","PM1U_5"
"PeleGHPlate7","B04","PUD7_8"
"PeleGHPlate7","B05","PME10_2"
"PeleGHPlate7","B06","PFG21_4"
"PeleGHPlate7","B07","PSB10_3"
"PeleGHPlate7","B08","PUD7_10"
"PeleGHPlate7","B09","PUD11_6"
"PeleGHPlate7","B10","PK19_2"
"PeleGHPlate7","B11","PK15_5"
"PeleGHPlate7","B12","PK3_2"
"PeleGHPlate7","C01","PK19_22"
"PeleGHPlate7","C02","PUD11_7"
"PeleGHPlate7","C03","PHB5_3"
"PeleGHPlate7","C04","PK7_2"
"PeleGHPlate7","C05","PME17_1"
"PeleGHPlate7","C06","PSB16_9"
"PeleGHPlate7","C07","PM1U_3"
"PeleGHPlate7","C08","PEZ1_6"
"PeleGHPlate7","C09","PK15_9"
"PeleGHPlate7","C10","PME10_4"
"PeleGHPlate7","C11","PK19_12"
"PeleGHPlate7","C12","PK19_6"
"PeleGHPlate7","D01","PPK20_1"
"PeleGHPlate7","D02","PSB16_4"
"PeleGHPlate7","D03","PMB12_3"
"PeleGHPlate7","D04","PK6_3"
"PeleGHPlate7","D05","PUD7_6"
"PeleGHPlate7","D06","PSB16_3"
"PeleGHPlate7","D07","PK13_3"
"PeleGHPlate7","D08","PHB33_1"
"PeleGHPlate7","D09","PSWEUSE3_2"
"PeleGHPlate7","D10","PK13_1"
"PeleGHPlate7","D11","PSB16_7"
"PeleGHPlate7","D12","PK19_20"
"PeleGHPlate7","E01","PEZ1_3"
"PeleGHPlate7","E02","PK19_5"
"PeleGHPlate7","E03","PHB33_3"
"PeleGHPlate7","E04","PEZ1_7"
"PeleGHPlate7","E05","PHB13_2"
"PeleGHPlate7","E06","PMB16_1"
"PeleGHPlate7","E07","PHB12_1"
"PeleGHPlate7","E08","PUD4_1"
"PeleGHPlate7","E09","PHB33_5"
"PeleGHPlate7","E10","PSEW3_2"
"PeleGHPlate7","E11","PK100_2"
"PeleGHPlate7","E12","Pfg2_1"
"PeleGHPlate7","F01","PME16_3"
"PeleGHPlate7","F02","PK19_19"
"PeleGHPlate7","F03","PUD4_5"
"PeleGHPlate7","F04","PUD4_3"
"PeleGHPlate7","F05","PHB5_1"
"PeleGHPlate7","F06","PUD7_2"
"PeleGHPlate7","F07","PVR1_1"
"PeleGHPlate7","F08","PUD7_4"
"PeleGHPlate7","F09","PFG21_2"
"PeleGHPlate7","F10","PVR1_2"
"PeleGHPlate7","F11","PNR8_2"
"PeleGHPlate7","F12","PPK20_3"
"PeleGHPlate7","G01","PHB12_2"
"PeleGHPlate7","G02","PK15_6"
"PeleGHPlate7","G03","PK19_26"
"PeleGHPlate7","G04","PK8_1"
"PeleGHPlate7","G05","PSB16_1"
"PeleGHPlate7","G06","Pfg2_5"
"PeleGHPlate7","G07","PMB16_3"
"PeleGHPlate7","G08","PM16U_7"
"PeleGHPlate7","G09","PUD4_7"
"PeleGHPlate7","G10","PME15_3"
"PeleGHPlate7","G11","PK15_1"
"PeleGHPlate7","G12","PEZ1_2"
"PeleGHPlate7","H01","PSB16_8"
"PeleGHPlate7","H02","PUD4_4"
"PeleGHPlate7","H03","PHB15_3"
"PeleGHPlate7","H04","PHB12_3"
"PeleGHPlate7","H05","PUD11_4"
"PeleGHPlate7","H06","PK19_4"
"PeleGHPlate7","H07","PEZ5_2"
"PeleGHPlate7","H08","PM16U_1"
"PeleGHPlate7","H09","PK15_4"
"PeleGHPlate7","H10","PM16U_5"
"PeleGHPlate7","H11","PSW11_2"
"PeleGHPlate7","H12","PEZ1_4"
"PeleGHPlate8","A01","PK19_14"
"PeleGHPlate8","A02","NR_NR9_1"
"PeleGHPlate8","A03","UDP_UP39_2"
"PeleGHPlate8","A04","UDP_UP45_10"
"PeleGHPlate8","A05","PK_PK2_2"
"PeleGHPlate8","A06","HB_HB43_7"
"PeleGHPlate8","A07","UDP_M8_9"
"PeleGHPlate8","A08","PK_ORW8_1"
"PeleGHPlate8","A09","NR_NR6_2"
"PeleGHPlate8","A10","HB_HB19_6"
"PeleGHPlate8","A11","PME15_1"
"PeleGHPlate8","A12","HB_HB41_10"
"PeleGHPlate8","B01","PME15_5"
"PeleGHPlate8","B02","UDP_UP38_25"
"PeleGHPlate8","B03","ME_ME8_10"
"PeleGHPlate8","B04","VR_VR27_7"
"PeleGHPlate8","B05","MID_MB12_2"
"PeleGHPlate8","B06","SW_SW4_2"
"PeleGHPlate8","B07","PK_PK2_1"
"PeleGHPlate8","B08","UDP_UP45_26"
"PeleGHPlate8","B09","EZE_EZ19_1"
"PeleGHPlate8","B10","EZE_EZ5_6"
"PeleGHPlate8","B11","PSW4_1"
"PeleGHPlate8","B12","ME_ME6_45"
"PeleGHPlate8","C01","PPK20_1"
"PeleGHPlate8","C02","UDP_UD4_11"
"PeleGHPlate8","C03","UDP_UD4_9"
"PeleGHPlate8","C04","KB_K13_2"
"PeleGHPlate8","C05","ME_ME6_12"
"PeleGHPlate8","C06","UDP_M8_6"
"PeleGHPlate8","C07","MID_MB14_1"
"PeleGHPlate8","C08","ME_ME6_13"
"PeleGHPlate8","C09","EZE_EZ8_4"
"PeleGHPlate8","C10","PK_D_6"
"PeleGHPlate8","C11","PORW14_1"
"PeleGHPlate8","C12","ME_ME8_26"
"PeleGHPlate8","D01","PEZ1_3"
"PeleGHPlate8","D02","EZE_EZ11_9"
"PeleGHPlate8","D03","NR_NR12_1"
"PeleGHPlate8","D04","UDP_UD13_9"
"PeleGHPlate8","D05","UDP_M8_6"
"PeleGHPlate8","D06","UDP_UP39_5"
"PeleGHPlate8","D07","VR_VR27_11"
"PeleGHPlate8","D08","UDP_M13_2"
"PeleGHPlate8","D09","MID_MB11_2"
"PeleGHPlate8","D10","SEW_SEW6_8"
"PeleGHPlate8","D11","PK19_3"
"PeleGHPlate8","D12","SW_SEW6_9"
"PeleGHPlate8","E01","PME16_3"
"PeleGHPlate8","E02","MID_M26_1"
"PeleGHPlate8","E03","NR_NR8_16"
"PeleGHPlate8","E04","ME_ME17_30"
"PeleGHPlate8","E05","HB_HB28_7"
"PeleGHPlate8","E06","UDP_M8_10"
"PeleGHPlate8","E07","UDP_M4_15"
"PeleGHPlate8","E08","VR_VR19_4"
"PeleGHPlate8","E09","UDP_UP38_6"
"PeleGHPlate8","E10","UDP_M4_14"
"PeleGHPlate8","E11","SW_SW13_1"
"PeleGHPlate8","E12","HB_HB17_6"
"PeleGHPlate8","F01","PHB12_2"
"PeleGHPlate8","F02","UDP_UP39_11"
"PeleGHPlate8","F03","EZE_EZ8_4"
"PeleGHPlate8","F04","NR_NR12_3"
"PeleGHPlate8","F05","MID_M22_2"
"PeleGHPlate8","F06","ME_ME17_22"
"PeleGHPlate8","F07","VR_VR16_3"
"PeleGHPlate8","F08","HB_HB17_3"
"PeleGHPlate8","F09","UDP_UD13_12"
"PeleGHPlate8","F10","HB_HB41_14"
"PeleGHPlate8","F11","KB_K15_31"
"PeleGHPlate8","F12","EZE_EZ2_5"
"PeleGHPlate8","G01","PSB16_8"
"PeleGHPlate8","G02","UDP_M13_11"
"PeleGHPlate8","G03","KB_K8_2"
"PeleGHPlate8","G04","VR_VR19_3"
"PeleGHPlate8","G05","VR_VR27_5"
"PeleGHPlate8","G06","HB_HB43_8"
"PeleGHPlate8","G07","ME_ME17_29"
"PeleGHPlate8","G08","HB_HB17_3"
"PeleGHPlate8","G09","NR_NR8_15"
"PeleGHPlate8","G10","PSW714_1"
"PeleGHPlate8","G11","HB_HB46_12"
"PeleGHPlate8","G12","KB_K15_32"
"PeleGHPlate8","H01","PUD7_7"
"PeleGHPlate8","H02","KB_K13_4"
"PeleGHPlate8","H03","UDP_UP45_7"
"PeleGHPlate8","H04","SB_SB9_2"
"PeleGHPlate8","H05","UDP_M8_7"
"PeleGHPlate8","H06","MB_M19_1"
"PeleGHPlate8","H07","WOR_FG1_3"
"PeleGHPlate8","H08","MID_MB14_2"
"PeleGHPlate8","H09","ME_ME8_21"
"PeleGHPlate8","H10","PM16U_9"
"PeleGHPlate8","H11","VR_VR23_25"
"PeleGHPlate8","H12","NR_NR9_2"
"PeleGHPlate9","A01",""
"PeleGHPlate9","A02",""
"PeleGHPlate9","A03",""
"PeleGHPlate9","A04",""
"PeleGHPlate9","A05",""
"PeleGHPlate9","A06",""
"PeleGHPlate9","A07",""
"PeleGHPlate9","A08",""
"PeleGHPlate9","A09",""
"PeleGHPlate9","A10",""
"PeleGHPlate9","A11",""
"PeleGHPlate9","A12",""
"PeleGHPlate9","B01",""
"PeleGHPlate9","B02",""
"PeleGHPlate9","B03",""
"PeleGHPlate9","B04",""
"PeleGHPlate9","B05",""
"PeleGHPlate9","B06",""
"PeleGHPlate9","B07",""
"PeleGHPlate9","B08",""
"PeleGHPlate9","B09",""
"PeleGHPlate9","B10",""
"PeleGHPlate9","B11",""
"PeleGHPlate9","B12",""
"PeleGHPlate9","C01",""
"PeleGHPlate9","C02",""
"PeleGHPlate9","C03",""
"PeleGHPlate9","C04",""
"PeleGHPlate9","C05",""
"PeleGHPlate9","C06",""
"PeleGHPlate9","C07",""
"PeleGHPlate9","C08",""
"PeleGHPlate9","C09",""
"PeleGHPlate9","C10",""
"PeleGHPlate9","C11",""
"PeleGHPlate9","C12",""
"PeleGHPlate9","D01",""
"PeleGHPlate9","D02",""
"PeleGHPlate9","D03",""
"PeleGHPlate9","D04",""
"PeleGHPlate9","D05",""
"PeleGHPlate9","D06",""
"PeleGHPlate9","D07",""
"PeleGHPlate9","D08",""
"PeleGHPlate9","D09",""
"PeleGHPlate9","D10",""
"PeleGHPlate9","D11",""
"PeleGHPlate9","D12",""
"PeleGHPlate9","E01",""
"PeleGHPlate9","E02",""
"PeleGHPlate9","E03",""
"PeleGHPlate9","E04",""
"PeleGHPlate9","E05",""
"PeleGHPlate9","E06",""
"PeleGHPlate9","E07",""
"PeleGHPlate9","E08",""
"PeleGHPlate9","E09",""
"PeleGHPlate9","E10",""
"PeleGHPlate9","E11",""
"PeleGHPlate9","E12",""
"PeleGHPlate9","F01",""
"PeleGHPlate9","F02",""
"PeleGHPlate9","F03",""
"PeleGHPlate9","F04",""
"PeleGHPlate9","F05",""
"PeleGHPlate9","F06",""
"PeleGHPlate9","F07",""
"PeleGHPlate9","F08",""
"PeleGHPlate9","F09",""
"PeleGHPlate9","F10",""
"PeleGHPlate9","F11",""
"PeleGHPlate9","F12",""
"PeleGHPlate9","G01",""
"PeleGHPlate9","G02",""
"PeleGHPlate9","G03",""
"PeleGHPlate9","G04",""
"PeleGHPlate9","G05",""
"PeleGHPlate9","G06",""
"PeleGHPlate9","G07",""
"PeleGHPlate9","G08",""
"PeleGHPlate9","G09",""
"PeleGHPlate9","G10",""
"PeleGHPlate9","G11",""
"PeleGHPlate9","G12",""
"PeleGHPlate9","H01",""
"PeleGHPlate9","H02",""
"PeleGHPlate9","H03",""
"PeleGHPlate9","H04",""
"PeleGHPlate9","H05",""
"PeleGHPlate9","H06",""
"PeleGHPlate9","H07",""
"PeleGHPlate9","H08",""
"PeleGHPlate9","H09",""
"PeleGHPlate9","H10",""
"PeleGHPlate9","H11",""
"PeleGHPlate9","H12",""
"PeleGHPlate10","A01","P24.31_2"
"PeleGHPlate10","A02","P55.02_1"
"PeleGHPlate10","A03","P14.7_3"
"PeleGHPlate10","A04","Pbeach2_8"
"PeleGHPlate10","A05","Pbeach1_10"
"PeleGHPlate10","A06","P45.13_1"
"PeleGHPlate10","A07","P20.8_3"
"PeleGHPlate10","A08","P9.5_1"
"PeleGHPlate10","A09","P9.6_1"
"PeleGHPlate10","A10","P1.4_3"
"PeleGHPlate10","A11","P3.4_3"
"PeleGHPlate10","A12","P20.1_5"
"PeleGHPlate10","B01","P20.7_1"
"PeleGHPlate10","B02","P45.4_A4_1"
"PeleGHPlate10","B03","P45.3_2"
"PeleGHPlate10","B04","Pbeach1_16"
"PeleGHPlate10","B05","P45.06_2"
"PeleGHPlate10","B06","P21.7_1"
"PeleGHPlate10","B07","Pbeach1_4"
"PeleGHPlate10","B08","P19.6_3"
"PeleGHPlate10","B09","P14.5_3"
"PeleGHPlate10","B10","P20.6_2"
"PeleGHPlate10","B11","P9.6_3_2"
"PeleGHPlate10","B12","Pbeach1_14"
"PeleGHPlate10","C01","EMPTY"
"PeleGHPlate10","C02","P21.8_1"
"PeleGHPlate10","C03","P9.6_3"
"PeleGHPlate10","C04","P1.6_1"
"PeleGHPlate10","C05","P1.4_1"
"PeleGHPlate10","C06","P5.12_4"
"PeleGHPlate10","C07","Pbeach1_20"
"PeleGHPlate10","C08","P14.23_1"
"PeleGHPlate10","C09","P14.4_1"
"PeleGHPlate10","C10","P24.17_3"
"PeleGHPlate10","C11","P66.12_1"
"PeleGHPlate10","C12","P45.22_1"
"PeleGHPlate10","D01","P20.7_2"
"PeleGHPlate10","D02","P9.7_3_2"
"PeleGHPlate10","D03","Pbeach1_24"
"PeleGHPlate10","D04","P50_51.8_3_2"
"PeleGHPlate10","D05","P20.5C_1"
"PeleGHPlate10","D06","P20.1_1"
"PeleGHPlate10","D07","P50.11_1"
"PeleGHPlate10","D08","P2.5_1"
"PeleGHPlate10","D09","Ptongaense_2"
"PeleGHPlate10","D10","P45.6xA4_1"
"PeleGHPlate10","D11","P2.6_3"
"PeleGHPlate10","D12","P14.5_1"
"PeleGHPlate10","E01","P51.14_3"
"PeleGHPlate10","E02","P5.12_2"
"PeleGHPlate10","E03","P45.4_3_2"
"PeleGHPlate10","E04","P1.1_2"
"PeleGHPlate10","E05","P19.6_4"
"PeleGHPlate10","E06","P45.22_3"
"PeleGHPlate10","E07","P5.01_2"
"PeleGHPlate10","E08","P21.20b_4"
"PeleGHPlate10","E09","P66.12_3"
"PeleGHPlate10","E10","P66.12_5"
"PeleGHPlate10","E11","P3.4_1"
"PeleGHPlate10","E12","P14.6_4"
"PeleGHPlate10","F01","PA9.1_2"
"PeleGHPlate10","F02","P45.4_2"
"PeleGHPlate10","F03","P2.5_2"
"PeleGHPlate10","F04","P24.28_1"
"PeleGHPlate10","F05","P20.3_3_2"
"PeleGHPlate10","F06","P2.2_2"
"PeleGHPlate10","F07","PK19_27"
"PeleGHPlate10","F08","P56.11_5"
"PeleGHPlate10","F09","P56.13_2"
"PeleGHPlate10","F10","P21_10_3"
"PeleGHPlate10","F11","P14.6_2"
"PeleGHPlate10","F12","P14.7_1"
"PeleGHPlate10","G01","P18.4xA6_1"
"PeleGHPlate10","G02","P45.5xA4_1"
"PeleGHPlate10","G03","P14.1_1"
"PeleGHPlate10","G04","P21.8_3"
"PeleGHPlate10","G05","P56.09_4"
"PeleGHPlate10","G06","P9.4_1"
"PeleGHPlate10","G07","P51.14_3"
"PeleGHPlate10","G08","Pbeach2_1"
"PeleGHPlate10","G09","P45.08_1"
"PeleGHPlate10","G10","Pbeach1_8"
"PeleGHPlate10","G11","P56.13_4"
"PeleGHPlate10","G12","EMPTY"
"PeleGHPlate10","H01","Pbeach1_12"
"PeleGHPlate10","H02","P18.2xA6_1"
"PeleGHPlate10","H03","P56.11_6"
"PeleGHPlate10","H04","P5.13_6"
"PeleGHPlate10","H05","P45.2xA4_3"
"PeleGHPlate10","H06","P40.05_1"
"PeleGHPlate10","H07","P14.4C_4"
"PeleGHPlate10","H08","Pbeach1_13"
"PeleGHPlate10","H09","P14.10C_2"
"PeleGHPlate10","H10","P14.4C_5"
"PeleGHPlate10","H11","P1.5_3"
"PeleGHPlate10","H12","EMPTY"
"PeleGHPlate11","A01","P24.31_2"
"PeleGHPlate11","A02","P50_51C_1"
"PeleGHPlate11","A03","P45.3_4"
"PeleGHPlate11","A04","P18.1xA6_1"
"PeleGHPlate11","A05","P9.4C_1"
"PeleGHPlate11","A06","Ptongaense_4"
"PeleGHPlate11","A07","P88.06_5"
"PeleGHPlate11","A08","P14.7_3_2"
"PeleGHPlate11","A09","P45.2xA4_1"
"PeleGHPlate11","A10","P9.4C_3"
"PeleGHPlate11","A11","P88.08_2"
"PeleGHPlate11","A12","P14.23_4"
"PeleGHPlate11","B01","P66.01_2"
"PeleGHPlate11","B02","P51.14_4"
"PeleGHPlate11","B03","P21.20b_1"
"PeleGHPlate11","B04","P2.6_1"
"PeleGHPlate11","B05","P88.06_3"
"PeleGHPlate11","B06","P56.09_2"
"PeleGHPlate11","B07","P67.03_2"
"PeleGHPlate11","B08","P14.1_6"
"PeleGHPlate11","B09","P56.14_1"
"PeleGHPlate11","B10","P9.5_3_2"
"PeleGHPlate11","B11","P88.06_4"
"PeleGHPlate11","B12","P66.12_2"
"PeleGHPlate11","C01","Pbeach2_4"
"PeleGHPlate11","C02","P2.2_3"
"PeleGHPlate11","C03","P21.20b_1"
"PeleGHPlate11","C04","P20.5C_3"
"PeleGHPlate11","C05","P21.10_1"
"PeleGHPlate11","C06","P56.11_1"
"PeleGHPlate11","C07","P18.2xA6_2"
"PeleGHPlate11","C08","P1.3_4"
"PeleGHPlate11","C09","P56.11_3"
"PeleGHPlate11","C10","P66.01_3"
"PeleGHPlate11","C11","P1.2_1"
"PeleGHPlate11","C12","P45.06_3"
"PeleGHPlate11","D01","Pbeach1_22"
"PeleGHPlate11","D02","P20.1_9"
"PeleGHPlate11","D03","P24.26_1"
"PeleGHPlate11","D04","P24.3_2"
"PeleGHPlate11","D05","P88.06_1"
"PeleGHPlate11","D06","Pbeach1_2"
"PeleGHPlate11","D07","P14.4C_3"
"PeleGHPlate11","D08","P20.7_3"
"PeleGHPlate11","D09","P25.6_1"
"PeleGHPlate11","D10","P19.6_2"
"PeleGHPlate11","D11","Pbeach1_3"
"PeleGHPlate11","D12","P21.10_3"
"PeleGHPlate11","E01","Pbeach1_18"
"PeleGHPlate11","E02","P20.8_1"
"PeleGHPlate11","E03","P51.14_2"
"PeleGHPlate11","E04","P20.1_7"
"PeleGHPlate11","E05","P14.23_3"
"PeleGHPlate11","E06","P55.02_1"
"PeleGHPlate11","E07","P18.2_2"
"PeleGHPlate11","E08","P45.6_3_2"
"PeleGHPlate11","E09","P19.6_3_2"
"PeleGHPlate11","E10","P88.08_3"
"PeleGHPlate11","E11","P24.6_1"
"PeleGHPlate11","E12","P14.6_3_1"
"PeleGHPlate11","F01","P9.7_3_2"
"PeleGHPlate11","F02","P2.3_3"
"PeleGHPlate11","F03","P3.3_2"
"PeleGHPlate11","F04","P1.5_1"
"PeleGHPlate11","F05","P56.06_1"
"PeleGHPlate11","F06","P20.3_1"
"PeleGHPlate11","F07","P21.20b_3"
"PeleGHPlate11","F08","P1.2_2"
"PeleGHPlate11","F09","P50_51C_3"
"PeleGHPlate11","F10","P74.17_2"
"PeleGHPlate11","F11","Pbeach1_1"
"PeleGHPlate11","F12","P1.2_3"
"PeleGHPlate11","G01","P56.10_1"
"PeleGHPlate11","G02","P56.11_2"
"PeleGHPlate11","G03","P55.20_1"
"PeleGHPlate11","G04","P1.3_2"
"PeleGHPlate11","G05","P14.4_3"
"PeleGHPlate11","G06","P56.14_3"
"PeleGHPlate11","G07","P3.1_2"
"PeleGHPlate11","G08","P40.05_3"
"PeleGHPlate11","G09","P14.6_3_2"
"PeleGHPlate11","G10","P3.6_1"
"PeleGHPlate11","G11","P24.2_3"
"PeleGHPlate11","G12","P14.1_1"
"PeleGHPlate11","H01","P45.13_1"
"PeleGHPlate11","H02","P2.5_4"
"PeleGHPlate11","H03","P9.6_4"
"PeleGHPlate11","H04","P21.7_3"
"PeleGHPlate11","H05","P20.06_2"
"PeleGHPlate11","H06","P1.6_3"
"PeleGHPlate11","H07","P1.1C_2"
"PeleGHPlate11","H08","P18.3xA6_1"
"PeleGHPlate11","H09","P24.27_1"
"PeleGHPlate11","H10","P20.6_1"
"PeleGHPlate11","H11","P66.01_1"
"PeleGHPlate11","H12","P45.22_2"
"PeleGHPlate12","A01","P14.6_3_1"
"PeleGHPlate12","A02","P56.07_2"
"PeleGHPlate12","A03","P14.4_2"
"PeleGHPlate12","A04","P14.7_3_1"
"PeleGHPlate12","A05","P55.02_4"
"PeleGHPlate12","A06","P14.5_2"
"PeleGHPlate12","A07","P1.6_4"
"PeleGHPlate12","A08","P74.17_1"
"PeleGHPlate12","A09","Pbeach1_7"
"PeleGHPlate12","A10","P56.09_3"
"PeleGHPlate12","A11","Pbeach1_23"
"PeleGHPlate12","A12","P45.3_3"
"PeleGHPlate12","B01","P9.6_2"
"PeleGHPlate12","B02","P66.01_4"
"PeleGHPlate12","B03","Pbeach2_3"
"PeleGHPlate12","B04","P14.23_2"
"PeleGHPlate12","B05","P56.11_3"
"PeleGHPlate12","B06","P9.5_3_1"
"PeleGHPlate12","B07","P18.2_1"
"PeleGHPlate12","B08","P50_51C_2"
"PeleGHPlate12","B09","P1.1_3"
"PeleGHPlate12","B10","P21.20b_2"
"PeleGHPlate12","B11","P3.4_2"
"PeleGHPlate12","B12","P9.7_3_1"
"PeleGHPlate12","C01","P20.1_4"
"PeleGHPlate12","C02","P66.12_4"
"PeleGHPlate12","C03","Pbeach1_17"
"PeleGHPlate12","C04","P45.08_2"
"PeleGHPlate12","C05","P20.7_4"
"PeleGHPlate12","C06","P14.7_2"
"PeleGHPlate12","C07","P24.26_4"
"PeleGHPlate12","C08","P66.12_6"
"PeleGHPlate12","C09","PA9.1_1"
"PeleGHPlate12","C10","P2.2_4"
"PeleGHPlate12","C11","Ptongaense_5"
"PeleGHPlate12","C12","P9.4_2"
"PeleGHPlate12","D01","P20.06_1"
"PeleGHPlate12","D02","P3.6_2"
"PeleGHPlate12","D03","P56.09_1"
"PeleGHPlate12","D04","P19.6_3_1"
"PeleGHPlate12","D05","P67.03_1"
"PeleGHPlate12","D06","P2.6_2"
"PeleGHPlate12","D07","P40.05_2"
"PeleGHPlate12","D08","P24.17_2"
"PeleGHPlate12","D09","PPK20_4"
"PeleGHPlate12","D10","P45.4_3"
"PeleGHPlate12","D11","P20.3_3_3"
"PeleGHPlate12","D12","P14.6_5"
"PeleGHPlate12","E01","P20.3_4"
"PeleGHPlate12","E02","P9.4C_4"
"PeleGHPlate12","E03","P9.4C_2"
"PeleGHPlate12","E04","P20.06_1"
"PeleGHPlate12","E05","P9.5_3_3"
"PeleGHPlate12","E06","P18.3xA6_2"
"PeleGHPlate12","E07","P14.6_3"
"PeleGHPlate12","E08","P5.12_5"
"PeleGHPlate12","E09","P88.06_2"
"PeleGHPlate12","E10","P19.6_1"
"PeleGHPlate12","E11","P21.8_4"
"PeleGHPlate12","E12","P5.13_5"
"PeleGHPlate12","F01","P56.13_1"
"PeleGHPlate12","F02","Pbeach1_5"
"PeleGHPlate12","F03","P50.14_2"
"PeleGHPlate12","F04","P50_51C_4"
"PeleGHPlate12","F05","P56.11_2"
"PeleGHPlate12","F06","P56.14_2"
"PeleGHPlate12","F07","P21.7_2"
"PeleGHPlate12","F08","P56.14_3"
"PeleGHPlate12","F09","Pbeach2_5"
"PeleGHPlate12","F10","P2.2_1"
"PeleGHPlate12","F11","P1.1_1"
"PeleGHPlate12","F12","EMPTY"
"PeleGHPlate12","G01","P55.02_2"
"PeleGHPlate12","G02","P67.03_3"
"PeleGHPlate12","G03","P3.3_3"
"PeleGHPlate12","G04","P20.1_6"
"PeleGHPlate12","G05","P5.13_1"
"PeleGHPlate12","G06","P45.06_1"
"PeleGHPlate12","G07","P20.3_2"
"PeleGHPlate12","G08","P1.1C_1"
"PeleGHPlate12","G09","P18.1xA6_2"
"PeleGHPlate12","G10","P45.4_3_3"
"PeleGHPlate12","G11","P50.11_2"
"PeleGHPlate12","G12","EMPTY"
"PeleGHPlate12","H01","Pbeach1_11"
"PeleGHPlate12","H02","P14.1_5"
"PeleGHPlate12","H03","P14.5_5"
"PeleGHPlate12","H04","P66.01_2"
"PeleGHPlate12","H05","P14.10C_3"
"PeleGHPlate12","H06","P40.05_4"
"PeleGHPlate12","H07","P21.10_2"
"PeleGHPlate12","H08","P2.3_4"
"PeleGHPlate12","H09","P14.6_1"
"PeleGHPlate12","H10","P14.10C_1"
"PeleGHPlate12","H11","P56.10_2"
"PeleGHPlate12","H12","EMPTY"
"PeleGHPlate13","A01","P2.3_2"
"PeleGHPlate13","A02","Pbeach1_15"
"PeleGHPlate13","A03","P20.1_3"
"PeleGHPlate13","A04","P20.7_2"
"PeleGHPlate13","A05","P55.03_1"
"PeleGHPlate13","A06","P56.13_3"
"PeleGHPlate13","A07","P20.5C_4"
"PeleGHPlate13","A08","EMPTY"
"PeleGHPlate13","A09","EMPTY"
"PeleGHPlate13","A10","EMPTY"
"PeleGHPlate13","A11","EMPTY"
"PeleGHPlate13","A12","EMPTY"
"PeleGHPlate13","B01","P45.4_A4_2"
"PeleGHPlate13","B02","P14.5_4"
"PeleGHPlate13","B03","P51.14_1"
"PeleGHPlate13","B04","P50_51.8_3_1"
"PeleGHPlate13","B05","P2.6_4"
"PeleGHPlate13","B06","P2.5_3"
"PeleGHPlate13","B07","P20.8_4"
"PeleGHPlate13","B08","EMPTY"
"PeleGHPlate13","B09","EMPTY"
"PeleGHPlate13","B10","EMPTY"
"PeleGHPlate13","B11","EMPTY"
"PeleGHPlate13","B12","EMPTY"
"PeleGHPlate13","C01","P19.6_3_3"
"PeleGHPlate13","C02","P56.06_2"
"PeleGHPlate13","C03","P56.07_3"
"PeleGHPlate13","C04","P1.5_2"
"PeleGHPlate13","C05","P3.3_1"
"PeleGHPlate13","C06","P1.3_1"
"PeleGHPlate13","C07","P56.11_1"
"PeleGHPlate13","C08","EMPTY"
"PeleGHPlate13","C09","EMPTY"
"PeleGHPlate13","C10","EMPTY"
"PeleGHPlate13","C11","EMPTY"
"PeleGHPlate13","C12","EMPTY"
"PeleGHPlate13","D01","P20.1_8"
"PeleGHPlate13","D02","Pbeach1_22"
"PeleGHPlate13","D03","P20.8_2"
"PeleGHPlate13","D04","P14.4C_6"
"PeleGHPlate13","D05","P45.6_1"
"PeleGHPlate13","D06","P45.2xA4_4"
"PeleGHPlate13","D07","P24.26_2"
"PeleGHPlate13","D08","EMPTY"
"PeleGHPlate13","D09","EMPTY"
"PeleGHPlate13","D10","EMPTY"
"PeleGHPlate13","D11","EMPTY"
"PeleGHPlate13","D12","EMPTY"
"PeleGHPlate13","E01","Pbeach1_9"
"PeleGHPlate13","E02","P56.07_1"
"PeleGHPlate13","E03","Ptongaense_3"
"PeleGHPlate13","E04","Pbeach1_19"
"PeleGHPlate13","E05","P18.2xA6_3"
"PeleGHPlate13","E06","P45.4_1"
"PeleGHPlate13","E07","P88.08_4"
"PeleGHPlate13","E08","EMPTY"
"PeleGHPlate13","E09","EMPTY"
"PeleGHPlate13","E10","EMPTY"
"PeleGHPlate13","E11","EMPTY"
"PeleGHPlate13","E12","EMPTY"
"PeleGHPlate13","F01","P20.06_3"
"PeleGHPlate13","F02","P14.4C_1"
"PeleGHPlate13","F03","P45.5_3_2"
"PeleGHPlate13","F04","Ptongaense_8"
"PeleGHPlate13","F05","P24.28_2"
"PeleGHPlate13","F06","P24.31_1"
"PeleGHPlate13","F07","P1.6_2"
"PeleGHPlate13","F08","EMPTY"
"PeleGHPlate13","F09","EMPTY"
"PeleGHPlate13","F10","EMPTY"
"PeleGHPlate13","F11","EMPTY"
"PeleGHPlate13","F12","EMPTY"
"PeleGHPlate13","G01","P56.10_4"
"PeleGHPlate13","G02","P14.1_4"
"PeleGHPlate13","G03","P14.1_3"
"PeleGHPlate13","G04","P5.12_3"
"PeleGHPlate13","G05","P20.1_2"
"PeleGHPlate13","G06","P45.22_4"
"PeleGHPlate13","G07","P51.14_2"
"PeleGHPlate13","G08","EMPTY"
"PeleGHPlate13","G09","EMPTY"
"PeleGHPlate13","G10","EMPTY"
"PeleGHPlate13","G11","EMPTY"
"PeleGHPlate13","G12","EMPTY"
"PeleGHPlate13","H01","P51.14_1"
"PeleGHPlate13","H02","P9.5_2"
"PeleGHPlate13","H03","P51.14_4"
"PeleGHPlate13","H04","P45.2xA4_2"
"PeleGHPlate13","H05","P1.3_3"
"PeleGHPlate13","H06","P24.3_1"
"PeleGHPlate13","H07","EMPTY"
"PeleGHPlate13","H08","EMPTY"
"PeleGHPlate13","H09","EMPTY"
"PeleGHPlate13","H10","EMPTY"
"PeleGHPlate13","H11","EMPTY"
"PeleGHPlate13","H12","EMPTY"
"Pscabrum_SAf2012_Plate1","A01","K100"
"Pscabrum_SAf2012_Plate1","A02","K15"
"Pscabrum_SAf2012_Plate1","A03","K14"
"Pscabrum_SAf2012_Plate1","A04","VR5"
"Pscabrum_SAf2012_Plate1","A05","VR13"
"Pscabrum_SAf2012_Plate1","A06","VR22"
"Pscabrum_SAf2012_Plate1","A07","VR32"
"Pscabrum_SAf2012_Plate1","A08","VR37"
"Pscabrum_SAf2012_Plate1","A09","VR45"
"Pscabrum_SAf2012_Plate1","A10","VR53"
"Pscabrum_SAf2012_Plate1","A11","291_6"
"Pscabrum_SAf2012_Plate1","A12","294_6"
"Pscabrum_SAf2012_Plate1","B01","K3"
"Pscabrum_SAf2012_Plate1","B02","K19"
"Pscabrum_SAf2012_Plate1","B03","K16"
"Pscabrum_SAf2012_Plate1","B04","VR6"
"Pscabrum_SAf2012_Plate1","B05","VR15"
"Pscabrum_SAf2012_Plate1","B06","VR23"
"Pscabrum_SAf2012_Plate1","B07","VR35"
"Pscabrum_SAf2012_Plate1","B08","VR38"
"Pscabrum_SAf2012_Plate1","B09","VR46"
"Pscabrum_SAf2012_Plate1","B10","VR54"
"Pscabrum_SAf2012_Plate1","B11","291_7"
"Pscabrum_SAf2012_Plate1","B12","294_7"
"Pscabrum_SAf2012_Plate1","C01","K6"
"Pscabrum_SAf2012_Plate1","C02","K1"
"Pscabrum_SAf2012_Plate1","C03","K17"
"Pscabrum_SAf2012_Plate1","C04","VR7"
"Pscabrum_SAf2012_Plate1","C05","VR16"
"Pscabrum_SAf2012_Plate1","C06","VR24"
"Pscabrum_SAf2012_Plate1","C07","VR14"
"Pscabrum_SAf2012_Plate1","C08","VR39"
"Pscabrum_SAf2012_Plate1","C09","VR47"
"Pscabrum_SAf2012_Plate1","C10","VR55"
"Pscabrum_SAf2012_Plate1","C11","291_8"
"Pscabrum_SAf2012_Plate1","C12","294_8"
"Pscabrum_SAf2012_Plate1","D01","K7"
"Pscabrum_SAf2012_Plate1","D02","K2"
"Pscabrum_SAf2012_Plate1","D03","K18"
"Pscabrum_SAf2012_Plate1","D04","VR8"
"Pscabrum_SAf2012_Plate1","D05","VR17"
"Pscabrum_SAf2012_Plate1","D06","VR25"
"Pscabrum_SAf2012_Plate1","D07","VR28"
"Pscabrum_SAf2012_Plate1","D08","VR40"
"Pscabrum_SAf2012_Plate1","D09","VR48"
"Pscabrum_SAf2012_Plate1","D10","291_1"
"Pscabrum_SAf2012_Plate1","D11","294_1"
"Pscabrum_SAf2012_Plate1","D12","297_1"
"Pscabrum_SAf2012_Plate1","E01","K8"
"Pscabrum_SAf2012_Plate1","E02","K4"
"Pscabrum_SAf2012_Plate1","E03","VR1"
"Pscabrum_SAf2012_Plate1","E04","VR9"
"Pscabrum_SAf2012_Plate1","E05","VR18"
"Pscabrum_SAf2012_Plate1","E06","VR26"
"Pscabrum_SAf2012_Plate1","E07","VR30"
"Pscabrum_SAf2012_Plate1","E08","VR41"
"Pscabrum_SAf2012_Plate1","E09","VR49"
"Pscabrum_SAf2012_Plate1","E10","291_2"
"Pscabrum_SAf2012_Plate1","E11","294_2"
"Pscabrum_SAf2012_Plate1","E12","297_2"
"Pscabrum_SAf2012_Plate1","F01","K10"
"Pscabrum_SAf2012_Plate1","F02","K5"
"Pscabrum_SAf2012_Plate1","F03","VR2"
"Pscabrum_SAf2012_Plate1","F04","VR10"
"Pscabrum_SAf2012_Plate1","F05","VR19"
"Pscabrum_SAf2012_Plate1","F06","VR27"
"Pscabrum_SAf2012_Plate1","F07","VR33"
"Pscabrum_SAf2012_Plate1","F08","VR42"
"Pscabrum_SAf2012_Plate1","F09","VR50"
"Pscabrum_SAf2012_Plate1","F10","291_3"
"Pscabrum_SAf2012_Plate1","F11","294_3"
"Pscabrum_SAf2012_Plate1","F12","297_3"
"Pscabrum_SAf2012_Plate1","G01","K12"
"Pscabrum_SAf2012_Plate1","G02","K9"
"Pscabrum_SAf2012_Plate1","G03","VR3"
"Pscabrum_SAf2012_Plate1","G04","VR11"
"Pscabrum_SAf2012_Plate1","G05","VR20"
"Pscabrum_SAf2012_Plate1","G06","VR29"
"Pscabrum_SAf2012_Plate1","G07","VR34"
"Pscabrum_SAf2012_Plate1","G08","VR43"
"Pscabrum_SAf2012_Plate1","G09","VR51"
"Pscabrum_SAf2012_Plate1","G10","291_4"
"Pscabrum_SAf2012_Plate1","G11","294_4"
"Pscabrum_SAf2012_Plate1","G12","dasklip1"
"Pscabrum_SAf2012_Plate1","H01","K13"
"Pscabrum_SAf2012_Plate1","H02","K11"
"Pscabrum_SAf2012_Plate1","H03","VR4"
"Pscabrum_SAf2012_Plate1","H04","VR12"
"Pscabrum_SAf2012_Plate1","H05","VR21"
"Pscabrum_SAf2012_Plate1","H06","VR31"
"Pscabrum_SAf2012_Plate1","H07","VR36"
"Pscabrum_SAf2012_Plate1","H08","VR44"
"Pscabrum_SAf2012_Plate1","H09","VR52"
"Pscabrum_SAf2012_Plate1","H10","291_5"
"Pscabrum_SAf2012_Plate1","H11","294_5"
"Pscabrum_SAf2012_Plate1","H12","dasklip2"
"Pscabrum_SAf2012_Plate2","A01","HB1"
"Pscabrum_SAf2012_Plate2","A02","HB9"
"Pscabrum_SAf2012_Plate2","A03","HB17"
"Pscabrum_SAf2012_Plate2","A04","HB27"
"Pscabrum_SAf2012_Plate2","A05","HB37"
"Pscabrum_SAf2012_Plate2","A06","HB45"
"Pscabrum_SAf2012_Plate2","A07","H11"
"Pscabrum_SAf2012_Plate2","A08","H19"
"Pscabrum_SAf2012_Plate2","A09","H9"
"Pscabrum_SAf2012_Plate2","A10","SEW2"
"Pscabrum_SAf2012_Plate2","A11","SEW8"
"Pscabrum_SAf2012_Plate2","A12","SEW15"
"Pscabrum_SAf2012_Plate2","B01","HB2"
"Pscabrum_SAf2012_Plate2","B02","HB10"
"Pscabrum_SAf2012_Plate2","B03","HB18"
"Pscabrum_SAf2012_Plate2","B04","HB28"
"Pscabrum_SAf2012_Plate2","B05","HB38"
"Pscabrum_SAf2012_Plate2","B06","HB46"
"Pscabrum_SAf2012_Plate2","B07","H12"
"Pscabrum_SAf2012_Plate2","B08","H2"
"Pscabrum_SAf2012_Plate2","B09","HB23"
"Pscabrum_SAf2012_Plate2","B10","SEWUSE2"
"Pscabrum_SAf2012_Plate2","B11","SEW9_A"
"Pscabrum_SAf2012_Plate2","B12","SEW16"
"Pscabrum_SAf2012_Plate2","C01","HB3"
"Pscabrum_SAf2012_Plate2","C02","HB11"
"Pscabrum_SAf2012_Plate2","C03","HB20"
"Pscabrum_SAf2012_Plate2","C04","HB29"
"Pscabrum_SAf2012_Plate2","C05","HB39"
"Pscabrum_SAf2012_Plate2","C06","HB47"
"Pscabrum_SAf2012_Plate2","C07","H13"
"Pscabrum_SAf2012_Plate2","C08","H3"
"Pscabrum_SAf2012_Plate2","C09","SEW3A"
"Pscabrum_SAf2012_Plate2","C10","SEWUSE4"
"Pscabrum_SAf2012_Plate2","C11","SEW9"
"Pscabrum_SAf2012_Plate2","C12","SEW17"
"Pscabrum_SAf2012_Plate2","D01","HB4"
"Pscabrum_SAf2012_Plate2","D02","HB12"
"Pscabrum_SAf2012_Plate2","D03","HB21"
"Pscabrum_SAf2012_Plate2","D04","HB30"
"Pscabrum_SAf2012_Plate2","D05","HB40"
"Pscabrum_SAf2012_Plate2","D06","HB48"
"Pscabrum_SAf2012_Plate2","D07","H1"
"Pscabrum_SAf2012_Plate2","D08","H35"
"Pscabrum_SAf2012_Plate2","D09","M1"
"Pscabrum_SAf2012_Plate2","D10","SEW4"
"Pscabrum_SAf2012_Plate2","D11","SEW10"
"Pscabrum_SAf2012_Plate2","D12","SEW18"
"Pscabrum_SAf2012_Plate2","E01","HB5"
"Pscabrum_SAf2012_Plate2","E02","HB13"
"Pscabrum_SAf2012_Plate2","E03","HB22"
"Pscabrum_SAf2012_Plate2","E04","HB31"
"Pscabrum_SAf2012_Plate2","E05","HB41"
"Pscabrum_SAf2012_Plate2","E06","HB49"
"Pscabrum_SAf2012_Plate2","E07","H15"
"Pscabrum_SAf2012_Plate2","E08","H36"
"Pscabrum_SAf2012_Plate2","E09","SEWUSE3"
"Pscabrum_SAf2012_Plate2","E10","SEW5"
"Pscabrum_SAf2012_Plate2","E11","SEW11"
"Pscabrum_SAf2012_Plate2","E12","SEW19"
"Pscabrum_SAf2012_Plate2","F01","HB6"
"Pscabrum_SAf2012_Plate2","F02","HB14"
"Pscabrum_SAf2012_Plate2","F03","HB24"
"Pscabrum_SAf2012_Plate2","F04","HB32"
"Pscabrum_SAf2012_Plate2","F05","HB42"
"Pscabrum_SAf2012_Plate2","F06","HB50"
"Pscabrum_SAf2012_Plate2","F07","H16"
"Pscabrum_SAf2012_Plate2","F08","H5"
"Pscabrum_SAf2012_Plate2","F09","SEWUSE1"
"Pscabrum_SAf2012_Plate2","F10","SEW6"
"Pscabrum_SAf2012_Plate2","F11","SEW12"
"Pscabrum_SAf2012_Plate2","F12","SEWINT1"
"Pscabrum_SAf2012_Plate2","G01","HB7"
"Pscabrum_SAf2012_Plate2","G02","HB15"
"Pscabrum_SAf2012_Plate2","G03","HB25"
"Pscabrum_SAf2012_Plate2","G04","HB33"
"Pscabrum_SAf2012_Plate2","G05","HB43"
"Pscabrum_SAf2012_Plate2","G06","H14"
"Pscabrum_SAf2012_Plate2","G07","H17"
"Pscabrum_SAf2012_Plate2","G08","H7"
"Pscabrum_SAf2012_Plate2","G09","SEW1"
"Pscabrum_SAf2012_Plate2","G10","SEW7"
"Pscabrum_SAf2012_Plate2","G11","SEW13"
"Pscabrum_SAf2012_Plate2","G12","SPB"
"Pscabrum_SAf2012_Plate2","H01","HB8"
"Pscabrum_SAf2012_Plate2","H02","HB16"
"Pscabrum_SAf2012_Plate2","H03","HB26"
"Pscabrum_SAf2012_Plate2","H04","HB34"
"Pscabrum_SAf2012_Plate2","H05","HB44"
"Pscabrum_SAf2012_Plate2","H06","H10"
"Pscabrum_SAf2012_Plate2","H07","H18"
"Pscabrum_SAf2012_Plate2","H08","H8"
"Pscabrum_SAf2012_Plate2","H09","SEW3"
"Pscabrum_SAf2012_Plate2","H10","SEWINT2"
"Pscabrum_SAf2012_Plate2","H11","SEW14"
"Pscabrum_SAf2012_Plate2","H12","160A_7"
"Pscabrum_SAf2012_Plate3","A01","SPPA"
"Pscabrum_SAf2012_Plate3","A02","SW4"
"Pscabrum_SAf2012_Plate3","A03","SB10"
"Pscabrum_SAf2012_Plate3","A04","1005_C"
"Pscabrum_SAf2012_Plate3","A05","EZ6"
"Pscabrum_SAf2012_Plate3","A06","EZ20"
"Pscabrum_SAf2012_Plate3","A07","NR3"
"Pscabrum_SAf2012_Plate3","A08","NR11"
"Pscabrum_SAf2012_Plate3","A09","N3"
"Pscabrum_SAf2012_Plate3","A10","AU15"
"Pscabrum_SAf2012_Plate3","A11","AU29"
"Pscabrum_SAf2012_Plate3","A12","AU13"
"Pscabrum_SAf2012_Plate3","B01","SPPB"
"Pscabrum_SAf2012_Plate3","B02","SB7"
"Pscabrum_SAf2012_Plate3","B03","SB12"
"Pscabrum_SAf2012_Plate3","B04","1005_D"
"Pscabrum_SAf2012_Plate3","B05","EZ7"
"Pscabrum_SAf2012_Plate3","B06","E1"
"Pscabrum_SAf2012_Plate3","B07","NR4"
"Pscabrum_SAf2012_Plate3","B08","NR12"
"Pscabrum_SAf2012_Plate3","B09","N4"
"Pscabrum_SAf2012_Plate3","B10","AU16"
"Pscabrum_SAf2012_Plate3","B11","AU39"
"Pscabrum_SAf2012_Plate3","B12","AU14"
"Pscabrum_SAf2012_Plate3","C01","SPPB"
"Pscabrum_SAf2012_Plate3","C02","SW11"
"Pscabrum_SAf2012_Plate3","C03","SW13"
"Pscabrum_SAf2012_Plate3","C04","EZ1"
"Pscabrum_SAf2012_Plate3","C05","EZ8"
"Pscabrum_SAf2012_Plate3","C06","E2"
"Pscabrum_SAf2012_Plate3","C07","NR5"
"Pscabrum_SAf2012_Plate3","C08","NR13"
"Pscabrum_SAf2012_Plate3","C09","N5"
"Pscabrum_SAf2012_Plate3","C10","AU17"
"Pscabrum_SAf2012_Plate3","C11","AU8"
"Pscabrum_SAf2012_Plate3","C12","AU2"
"Pscabrum_SAf2012_Plate3","D01","SPPB"
"Pscabrum_SAf2012_Plate3","D02","SW1"
"Pscabrum_SAf2012_Plate3","D03","SW14"
"Pscabrum_SAf2012_Plate3","D04","EZ2"
"Pscabrum_SAf2012_Plate3","D05","EZ9"
"Pscabrum_SAf2012_Plate3","D06","E3"
"Pscabrum_SAf2012_Plate3","D07","NR6"
"Pscabrum_SAf2012_Plate3","D08","NR14"
"Pscabrum_SAf2012_Plate3","D09","N7"
"Pscabrum_SAf2012_Plate3","D10","AU18"
"Pscabrum_SAf2012_Plate3","D11","AU20"
"Pscabrum_SAf2012_Plate3","D12","AU5"
"Pscabrum_SAf2012_Plate3","E01","714"
"Pscabrum_SAf2012_Plate3","E02","SW5"
"Pscabrum_SAf2012_Plate3","E03","SB16"
"Pscabrum_SAf2012_Plate3","E04","EZ3"
"Pscabrum_SAf2012_Plate3","E05","EZ10"
"Pscabrum_SAf2012_Plate3","E06","E4"
"Pscabrum_SAf2012_Plate3","E07","NR7"
"Pscabrum_SAf2012_Plate3","E08","NR15"
"Pscabrum_SAf2012_Plate3","E09","N8"
"Pscabrum_SAf2012_Plate3","E10","AU19"
"Pscabrum_SAf2012_Plate3","E11","AU1"
"Pscabrum_SAf2012_Plate3","E12","AU21"
"Pscabrum_SAf2012_Plate3","F01","SWP1"
"Pscabrum_SAf2012_Plate3","F02","SB8"
"Pscabrum_SAf2012_Plate3","F03","SB9"
"Pscabrum_SAf2012_Plate3","F04","EZ4"
"Pscabrum_SAf2012_Plate3","F05","EZ17"
"Pscabrum_SAf2012_Plate3","F06","E5"
"Pscabrum_SAf2012_Plate3","F07","NR8"
"Pscabrum_SAf2012_Plate3","F08","NR16"
"Pscabrum_SAf2012_Plate3","F09","N9"
"Pscabrum_SAf2012_Plate3","F10","AU22"
"Pscabrum_SAf2012_Plate3","F11","AU10"
"Pscabrum_SAf2012_Plate3","F12","AU24_A"
"Pscabrum_SAf2012_Plate3","G01","SW3"
"Pscabrum_SAf2012_Plate3","G02","SWP2"
"Pscabrum_SAf2012_Plate3","G03","1005_A"
"Pscabrum_SAf2012_Plate3","G04","EZ5"
"Pscabrum_SAf2012_Plate3","G05","EZ18"
"Pscabrum_SAf2012_Plate3","G06","NR1"
"Pscabrum_SAf2012_Plate3","G07","NR9"
"Pscabrum_SAf2012_Plate3","G08","N1"
"Pscabrum_SAf2012_Plate3","G09","dasklip3"
"Pscabrum_SAf2012_Plate3","G10","AU23"
"Pscabrum_SAf2012_Plate3","G11","AU11"
"Pscabrum_SAf2012_Plate3","G12","AU25"
"Pscabrum_SAf2012_Plate3","H01","SW2"
"Pscabrum_SAf2012_Plate3","H02","SB6"
"Pscabrum_SAf2012_Plate3","H03","1005_B"
"Pscabrum_SAf2012_Plate3","H04","EZ11"
"Pscabrum_SAf2012_Plate3","H05","EZ19"
"Pscabrum_SAf2012_Plate3","H06","NR2"
"Pscabrum_SAf2012_Plate3","H07","NR10"
"Pscabrum_SAf2012_Plate3","H08","N2"
"Pscabrum_SAf2012_Plate3","H09","dasklip4"
"Pscabrum_SAf2012_Plate3","H10","AU28"
"Pscabrum_SAf2012_Plate3","H11","AU12"
"Pscabrum_SAf2012_Plate3","H12","AU24_B"
"Pscabrum_SAf2012_Plate4","A01","AU26"
"Pscabrum_SAf2012_Plate4","A02","AU35"
"Pscabrum_SAf2012_Plate4","A03","AU9"
"Pscabrum_SAf2012_Plate4","A04","FG8"
"Pscabrum_SAf2012_Plate4","A05","FG14"
"Pscabrum_SAf2012_Plate4","A06","FG22"
"Pscabrum_SAf2012_Plate4","A07","FG30"
"Pscabrum_SAf2012_Plate4","A08","fg3"
"Pscabrum_SAf2012_Plate4","A09","MEP1"
"Pscabrum_SAf2012_Plate4","A10","MEP4"
"Pscabrum_SAf2012_Plate4","A11","ME14"
"Pscabrum_SAf2012_Plate4","A12","ME17"
"Pscabrum_SAf2012_Plate4","B01","AU27"
"Pscabrum_SAf2012_Plate4","B02","AU36"
"Pscabrum_SAf2012_Plate4","B03","FG1"
"Pscabrum_SAf2012_Plate4","B04","FG9"
"Pscabrum_SAf2012_Plate4","B05","FG17"
"Pscabrum_SAf2012_Plate4","B06","FG23"
"Pscabrum_SAf2012_Plate4","B07","FG31"
"Pscabrum_SAf2012_Plate4","B08","fg5"
"Pscabrum_SAf2012_Plate4","B09","ME1"
"Pscabrum_SAf2012_Plate4","B10","MEP5"
"Pscabrum_SAf2012_Plate4","B11","MEP6"
"Pscabrum_SAf2012_Plate4","B12","ME18"
"Pscabrum_SAf2012_Plate4","C01","AU3"
"Pscabrum_SAf2012_Plate4","C02","AU37"
"Pscabrum_SAf2012_Plate4","C03","FG2"
"Pscabrum_SAf2012_Plate4","C04","FG11"
"Pscabrum_SAf2012_Plate4","C05","FG18"
"Pscabrum_SAf2012_Plate4","C06","FG24"
"Pscabrum_SAf2012_Plate4","C07","FG32"
"Pscabrum_SAf2012_Plate4","C08","fg6"
"Pscabrum_SAf2012_Plate4","C09","MEP2"
"Pscabrum_SAf2012_Plate4","C10","ME12"
"Pscabrum_SAf2012_Plate4","C11","ME10"
"Pscabrum_SAf2012_Plate4","C12","SPPB"
"Pscabrum_SAf2012_Plate4","D01","AU30"
"Pscabrum_SAf2012_Plate4","D02","AU38"
"Pscabrum_SAf2012_Plate4","D03","fg2"
"Pscabrum_SAf2012_Plate4","D04","FG10"
"Pscabrum_SAf2012_Plate4","D05","FG16"
"Pscabrum_SAf2012_Plate4","D06","FG25"
"Pscabrum_SAf2012_Plate4","D07","FG12"
"Pscabrum_SAf2012_Plate4","D08","fg7"
"Pscabrum_SAf2012_Plate4","D09","ME6"
"Pscabrum_SAf2012_Plate4","D10","ME11"
"Pscabrum_SAf2012_Plate4","D11","ME16"
"Pscabrum_SAf2012_Plate4","D12","SPPB"
"Pscabrum_SAf2012_Plate4","E01","AU31"
"Pscabrum_SAf2012_Plate4","E02","AU4"
"Pscabrum_SAf2012_Plate4","E03","FG3"
"Pscabrum_SAf2012_Plate4","E04","fg11"
"Pscabrum_SAf2012_Plate4","E05","FG15"
"Pscabrum_SAf2012_Plate4","E06","FG26"
"Pscabrum_SAf2012_Plate4","E07","FG5"
"Pscabrum_SAf2012_Plate4","E08","fg8"
"Pscabrum_SAf2012_Plate4","E09","ME2"
"Pscabrum_SAf2012_Plate4","E10","ME7"
"Pscabrum_SAf2012_Plate4","E11","MEP7"
"Pscabrum_SAf2012_Plate4","E12","SPPA"
"Pscabrum_SAf2012_Plate4","F01","AU32"
"Pscabrum_SAf2012_Plate4","F02","AU40"
"Pscabrum_SAf2012_Plate4","F03","fg4"
"Pscabrum_SAf2012_Plate4","F04","fg12"
"Pscabrum_SAf2012_Plate4","F05","FG19"
"Pscabrum_SAf2012_Plate4","F06","FG28"
"Pscabrum_SAf2012_Plate4","F07","FG6"
"Pscabrum_SAf2012_Plate4","F08","fg9"
"Pscabrum_SAf2012_Plate4","F09","ME3"
"Pscabrum_SAf2012_Plate4","F10","ME8"
"Pscabrum_SAf2012_Plate4","F11","ME15"
"Pscabrum_SAf2012_Plate4","F12","SPPA"
"Pscabrum_SAf2012_Plate4","G01","AU33"
"Pscabrum_SAf2012_Plate4","G02","AU6"
"Pscabrum_SAf2012_Plate4","G03","FG4"
"Pscabrum_SAf2012_Plate4","G04","FG13"
"Pscabrum_SAf2012_Plate4","G05","FG20"
"Pscabrum_SAf2012_Plate4","G06","FG29"
"Pscabrum_SAf2012_Plate4","G07","FG27"
"Pscabrum_SAf2012_Plate4","G08","fg10"
"Pscabrum_SAf2012_Plate4","G09","MEP3"
"Pscabrum_SAf2012_Plate4","G10","ME9"
"Pscabrum_SAf2012_Plate4","G11","MEP8"
"Pscabrum_SAf2012_Plate4","G12","SPPC"
"Pscabrum_SAf2012_Plate4","H01","AU34"
"Pscabrum_SAf2012_Plate4","H02","AU7"
"Pscabrum_SAf2012_Plate4","H03","FG7"
"Pscabrum_SAf2012_Plate4","H04","fg13"
"Pscabrum_SAf2012_Plate4","H05","FG21"
"Pscabrum_SAf2012_Plate4","H06","fg16"
"Pscabrum_SAf2012_Plate4","H07","fg1"
"Pscabrum_SAf2012_Plate4","H08","fg14"
"Pscabrum_SAf2012_Plate4","H09","ME5"
"Pscabrum_SAf2012_Plate4","H10","ME13"
"Pscabrum_SAf2012_Plate4","H11","ME4"
"Pscabrum_SAf2012_Plate4","H12","SPPC"
"Pscabrum_SAf2012_Plate5","A01","M1_UDP"
"Pscabrum_SAf2012_Plate5","A02","M2_UDP"
"Pscabrum_SAf2012_Plate5","A03","UD1"
"Pscabrum_SAf2012_Plate5","A04","UD4"
"Pscabrum_SAf2012_Plate5","A05","UP39"
"Pscabrum_SAf2012_Plate5","A06","UP11"
"Pscabrum_SAf2012_Plate5","A07","UP19"
"Pscabrum_SAf2012_Plate5","A08","UP27"
"Pscabrum_SAf2012_Plate5","A09","UP35"
"Pscabrum_SAf2012_Plate5","A10","UP6"
"Pscabrum_SAf2012_Plate5","A11","SPPC_1"
"Pscabrum_SAf2012_Plate5","A12","PALCH_2"
"Pscabrum_SAf2012_Plate5","B01","M10_UDP"
"Pscabrum_SAf2012_Plate5","B02","M3_UDP"
"Pscabrum_SAf2012_Plate5","B03","UD10"
"Pscabrum_SAf2012_Plate5","B04","UD5"
"Pscabrum_SAf2012_Plate5","B05","UP40"
"Pscabrum_SAf2012_Plate5","B06","UP12"
"Pscabrum_SAf2012_Plate5","B07","UP2"
"Pscabrum_SAf2012_Plate5","B08","UP28"
"Pscabrum_SAf2012_Plate5","B09","UP36"
"Pscabrum_SAf2012_Plate5","B10","UP7"
"Pscabrum_SAf2012_Plate5","B11","SPPC_2"
"Pscabrum_SAf2012_Plate5","B12","PALCH_3"
"Pscabrum_SAf2012_Plate5","C01","M11_UDP"
"Pscabrum_SAf2012_Plate5","C02","M4_UDP"
"Pscabrum_SAf2012_Plate5","C03","UP10_A"
"Pscabrum_SAf2012_Plate5","C04","UD6"
"Pscabrum_SAf2012_Plate5","C05","UP42"
"Pscabrum_SAf2012_Plate5","C06","UP13"
"Pscabrum_SAf2012_Plate5","C07","UP20"
"Pscabrum_SAf2012_Plate5","C08","UP29"
"Pscabrum_SAf2012_Plate5","C09","UP4"
"Pscabrum_SAf2012_Plate5","C10","UP8"
"Pscabrum_SAf2012_Plate5","C11","SPPD_1"
"Pscabrum_SAf2012_Plate5","C12","160_A_1"
"Pscabrum_SAf2012_Plate5","D01","M12_UDP"
"Pscabrum_SAf2012_Plate5","D02","M4A_UDP"
"Pscabrum_SAf2012_Plate5","D03","UD11"
"Pscabrum_SAf2012_Plate5","D04","UD7"
"Pscabrum_SAf2012_Plate5","D05","UP43"
"Pscabrum_SAf2012_Plate5","D06","UP14"
"Pscabrum_SAf2012_Plate5","D07","UP21"
"Pscabrum_SAf2012_Plate5","D08","UP3"
"Pscabrum_SAf2012_Plate5","D09","UP41"
"Pscabrum_SAf2012_Plate5","D10","UP9"
"Pscabrum_SAf2012_Plate5","D11","SPPD_2"
"Pscabrum_SAf2012_Plate5","D12","160_A_2"
"Pscabrum_SAf2012_Plate5","E01","M13_UDP"
"Pscabrum_SAf2012_Plate5","E02","M6_UDP"
"Pscabrum_SAf2012_Plate5","E03","UD12"
"Pscabrum_SAf2012_Plate5","E04","UD8"
"Pscabrum_SAf2012_Plate5","E05","UP45"
"Pscabrum_SAf2012_Plate5","E06","UP15"
"Pscabrum_SAf2012_Plate5","E07","UP23"
"Pscabrum_SAf2012_Plate5","E08","UP30"
"Pscabrum_SAf2012_Plate5","E09","UP44"
"Pscabrum_SAf2012_Plate5","E10","SPPA_1"
"Pscabrum_SAf2012_Plate5","E11","SPPE_1"
"Pscabrum_SAf2012_Plate5","E12","160_A_3"
"Pscabrum_SAf2012_Plate5","F01","M14_UDP"
"Pscabrum_SAf2012_Plate5","F02","M7_UDP"
"Pscabrum_SAf2012_Plate5","F03","UD13"
"Pscabrum_SAf2012_Plate5","F04","UP22"
"Pscabrum_SAf2012_Plate5","F05","UD3"
"Pscabrum_SAf2012_Plate5","F06","UP16"
"Pscabrum_SAf2012_Plate5","F07","UP24"
"Pscabrum_SAf2012_Plate5","F08","UP31"
"Pscabrum_SAf2012_Plate5","F09","UP46"
"Pscabrum_SAf2012_Plate5","F10","SPPA_2"
"Pscabrum_SAf2012_Plate5","F11","SPPE_2"
"Pscabrum_SAf2012_Plate5","F12","160_A_4"
"Pscabrum_SAf2012_Plate5","G01","M15_UDP"
"Pscabrum_SAf2012_Plate5","G02","M8_UDP"
"Pscabrum_SAf2012_Plate5","G03","UD14"
"Pscabrum_SAf2012_Plate5","G04","UP33"
"Pscabrum_SAf2012_Plate5","G05","UP1"
"Pscabrum_SAf2012_Plate5","G06","UP17"
"Pscabrum_SAf2012_Plate5","G07","UP25"
"Pscabrum_SAf2012_Plate5","G08","UP32"
"Pscabrum_SAf2012_Plate5","G09","UP47"
"Pscabrum_SAf2012_Plate5","G10","SPPB_1"
"Pscabrum_SAf2012_Plate5","G11","SPPF_1"
"Pscabrum_SAf2012_Plate5","G12","160_A_5"
"Pscabrum_SAf2012_Plate5","H01","M16_UDP"
"Pscabrum_SAf2012_Plate5","H02","M9_UDP"
"Pscabrum_SAf2012_Plate5","H03","UD2"
"Pscabrum_SAf2012_Plate5","H04","UP38"
"Pscabrum_SAf2012_Plate5","H05","UP10"
"Pscabrum_SAf2012_Plate5","H06","UP18"
"Pscabrum_SAf2012_Plate5","H07","UP26"
"Pscabrum_SAf2012_Plate5","H08","UP34"
"Pscabrum_SAf2012_Plate5","H09","UP5"
"Pscabrum_SAf2012_Plate5","H10","SPPB_2"
"Pscabrum_SAf2012_Plate5","H11","PALCH_1"
"Pscabrum_SAf2012_Plate5","H12","160_A_6"
"Pscabrum_SAf2012_Plate6","A01","1605"
"Pscabrum_SAf2012_Plate6","A02","M1"
"Pscabrum_SAf2012_Plate6","A03","M9"
"Pscabrum_SAf2012_Plate6","A04","M17"
"Pscabrum_SAf2012_Plate6","A05","M25"
"Pscabrum_SAf2012_Plate6","A06","M32_B"
"Pscabrum_SAf2012_Plate6","A07","int1"
"Pscabrum_SAf2012_Plate6","A08","MG21"
"Pscabrum_SAf2012_Plate6","A09","MG33"
"Pscabrum_SAf2012_Plate6","A10","MG51"
"Pscabrum_SAf2012_Plate6","A11","MG14"
"Pscabrum_SAf2012_Plate6","A12","MG32"
"Pscabrum_SAf2012_Plate6","B01","1606"
"Pscabrum_SAf2012_Plate6","B02","M2"
"Pscabrum_SAf2012_Plate6","B03","M10"
"Pscabrum_SAf2012_Plate6","B04","M18"
"Pscabrum_SAf2012_Plate6","B05","M26"
"Pscabrum_SAf2012_Plate6","B06","M33"
"Pscabrum_SAf2012_Plate6","B07","int2"
"Pscabrum_SAf2012_Plate6","B08","MG22_B"
"Pscabrum_SAf2012_Plate6","B09","MG36"
"Pscabrum_SAf2012_Plate6","B10","MG7"
"Pscabrum_SAf2012_Plate6","B11","MG15"
"Pscabrum_SAf2012_Plate6","B12","MG34"
"Pscabrum_SAf2012_Plate6","C01","1607"
"Pscabrum_SAf2012_Plate6","C02","M3"
"Pscabrum_SAf2012_Plate6","C03","M11"
"Pscabrum_SAf2012_Plate6","C04","M19"
"Pscabrum_SAf2012_Plate6","C05","M27"
"Pscabrum_SAf2012_Plate6","C06","M34"
"Pscabrum_SAf2012_Plate6","C07","int3"
"Pscabrum_SAf2012_Plate6","C08","MG23"
"Pscabrum_SAf2012_Plate6","C09","MG37"
"Pscabrum_SAf2012_Plate6","C10","MG8"
"Pscabrum_SAf2012_Plate6","C11","MG19"
"Pscabrum_SAf2012_Plate6","C12","MG35"
"Pscabrum_SAf2012_Plate6","D01","1608"
"Pscabrum_SAf2012_Plate6","D02","M4"
"Pscabrum_SAf2012_Plate6","D03","M12"
"Pscabrum_SAf2012_Plate6","D04","M20"
"Pscabrum_SAf2012_Plate6","D05","M35"
"Pscabrum_SAf2012_Plate6","D06","M28"
"Pscabrum_SAf2012_Plate6","D07","MG3"
"Pscabrum_SAf2012_Plate6","D08","MG25"
"Pscabrum_SAf2012_Plate6","D09","MG38"
"Pscabrum_SAf2012_Plate6","D10","MG9"
"Pscabrum_SAf2012_Plate6","D11","MG20"
"Pscabrum_SAf2012_Plate6","D12","MG39"
"Pscabrum_SAf2012_Plate6","E01","1609"
"Pscabrum_SAf2012_Plate6","E02","M5"
"Pscabrum_SAf2012_Plate6","E03","M13"
"Pscabrum_SAf2012_Plate6","E04","M21"
"Pscabrum_SAf2012_Plate6","E05","M29"
"Pscabrum_SAf2012_Plate6","E06","MG1"
"Pscabrum_SAf2012_Plate6","E07","MG6"
"Pscabrum_SAf2012_Plate6","E08","MG27"
"Pscabrum_SAf2012_Plate6","E09","MG49"
"Pscabrum_SAf2012_Plate6","E10","MG10"
"Pscabrum_SAf2012_Plate6","E11","MG22_A"
"Pscabrum_SAf2012_Plate6","E12","MG40"
"Pscabrum_SAf2012_Plate6","F01","1610"
"Pscabrum_SAf2012_Plate6","F02","M6"
"Pscabrum_SAf2012_Plate6","F03","M14"
"Pscabrum_SAf2012_Plate6","F04","M22"
"Pscabrum_SAf2012_Plate6","F05","M30"
"Pscabrum_SAf2012_Plate6","F06","MG2"
"Pscabrum_SAf2012_Plate6","F07","MG16"
"Pscabrum_SAf2012_Plate6","F08","MG28"
"Pscabrum_SAf2012_Plate6","F09","MG50"
"Pscabrum_SAf2012_Plate6","F10","MG11"
"Pscabrum_SAf2012_Plate6","F11","MG24"
"Pscabrum_SAf2012_Plate6","F12","MG41"
"Pscabrum_SAf2012_Plate6","G01","1611"
"Pscabrum_SAf2012_Plate6","G02","M7"
"Pscabrum_SAf2012_Plate6","G03","M15"
"Pscabrum_SAf2012_Plate6","G04","M23"
"Pscabrum_SAf2012_Plate6","G05","M31"
"Pscabrum_SAf2012_Plate6","G06","MG4"
"Pscabrum_SAf2012_Plate6","G07","MG17"
"Pscabrum_SAf2012_Plate6","G08","MG30"
"Pscabrum_SAf2012_Plate6","G09","MG53"
"Pscabrum_SAf2012_Plate6","G10","MG12"
"Pscabrum_SAf2012_Plate6","G11","MG26"
"Pscabrum_SAf2012_Plate6","G12","MG42_A"
"Pscabrum_SAf2012_Plate6","H01","1612"
"Pscabrum_SAf2012_Plate6","H02","M8"
"Pscabrum_SAf2012_Plate6","H03","M16"
"Pscabrum_SAf2012_Plate6","H04","M24"
"Pscabrum_SAf2012_Plate6","H05","M32_A"
"Pscabrum_SAf2012_Plate6","H06","MG5"
"Pscabrum_SAf2012_Plate6","H07","MG18"
"Pscabrum_SAf2012_Plate6","H08","MG31"
"Pscabrum_SAf2012_Plate6","H09","MG48"
"Pscabrum_SAf2012_Plate6","H10","MG13"
"Pscabrum_SAf2012_Plate6","H11","MG29"
"Pscabrum_SAf2012_Plate6","H12","MG42_B"
"Pscabrum_SAf2012_Plate7","A01","MG43"
"Pscabrum_SAf2012_Plate7","A02","MG56"
"Pscabrum_SAf2012_Plate7","A03","MB4"
"Pscabrum_SAf2012_Plate7","A04","MB12"
"Pscabrum_SAf2012_Plate7","A05","ORW14"
"Pscabrum_SAf2012_Plate7","A06","ORW25"
"Pscabrum_SAf2012_Plate7","A07","ORW19"
"Pscabrum_SAf2012_Plate7","A08","PK_C"
"Pscabrum_SAf2012_Plate7","A09","PK18"
"Pscabrum_SAf2012_Plate7","A10","PK5_B"
"Pscabrum_SAf2012_Plate7","A11","PK22"
"Pscabrum_SAf2012_Plate7","A12","PH3"
"Pscabrum_SAf2012_Plate7","B01","MG44"
"Pscabrum_SAf2012_Plate7","B02","MG57"
"Pscabrum_SAf2012_Plate7","B03","MB5"
"Pscabrum_SAf2012_Plate7","B04","MB13"
"Pscabrum_SAf2012_Plate7","B05","ORW15"
"Pscabrum_SAf2012_Plate7","B06","ORW5"
"Pscabrum_SAf2012_Plate7","B07","ORW20"
"Pscabrum_SAf2012_Plate7","B08","PK_D"
"Pscabrum_SAf2012_Plate7","B09","PK19"
"Pscabrum_SAf2012_Plate7","B10","PK6"
"Pscabrum_SAf2012_Plate7","B11","PK3"
"Pscabrum_SAf2012_Plate7","B12","PH5"
"Pscabrum_SAf2012_Plate7","C01","MG45"
"Pscabrum_SAf2012_Plate7","C02","MG58"
"Pscabrum_SAf2012_Plate7","C03","MB6"
"Pscabrum_SAf2012_Plate7","C04","MB14"
"Pscabrum_SAf2012_Plate7","C05","ORW16"
"Pscabrum_SAf2012_Plate7","C06","ORW6"
"Pscabrum_SAf2012_Plate7","C07","ORW22"
"Pscabrum_SAf2012_Plate7","C08","PK1"
"Pscabrum_SAf2012_Plate7","C09","PK20"
"Pscabrum_SAf2012_Plate7","C10","PK7"
"Pscabrum_SAf2012_Plate7","C11","PK9"
"Pscabrum_SAf2012_Plate7","C12","PH6"
"Pscabrum_SAf2012_Plate7","D01","MG46"
"Pscabrum_SAf2012_Plate7","D02","MG59"
"Pscabrum_SAf2012_Plate7","D03","MB7"
"Pscabrum_SAf2012_Plate7","D04","MB15"
"Pscabrum_SAf2012_Plate7","D05","ORW17"
"Pscabrum_SAf2012_Plate7","D06","ORW7"
"Pscabrum_SAf2012_Plate7","D07","ORW23"
"Pscabrum_SAf2012_Plate7","D08","PK11"
"Pscabrum_SAf2012_Plate7","D09","PK21"
"Pscabrum_SAf2012_Plate7","D10","PK8"
"Pscabrum_SAf2012_Plate7","D11","PH10"
"Pscabrum_SAf2012_Plate7","D12","PH1"
"Pscabrum_SAf2012_Plate7","E01","MG47"
"Pscabrum_SAf2012_Plate7","E02","MG60"
"Pscabrum_SAf2012_Plate7","E03","MB8"
"Pscabrum_SAf2012_Plate7","E04","MB16"
"Pscabrum_SAf2012_Plate7","E05","ORW18"
"Pscabrum_SAf2012_Plate7","E06","ORW8"
"Pscabrum_SAf2012_Plate7","E07","ORW3"
"Pscabrum_SAf2012_Plate7","E08","PK12"
"Pscabrum_SAf2012_Plate7","E09","PK23"
"Pscabrum_SAf2012_Plate7","E10","PK10"
"Pscabrum_SAf2012_Plate7","E11","PH13"
"Pscabrum_SAf2012_Plate7","E12","PH11"
"Pscabrum_SAf2012_Plate7","F01","MG52"
"Pscabrum_SAf2012_Plate7","F02","MB1"
"Pscabrum_SAf2012_Plate7","F03","MB9"
"Pscabrum_SAf2012_Plate7","F04","ORW11"
"Pscabrum_SAf2012_Plate7","F05","ORW2"
"Pscabrum_SAf2012_Plate7","F06","ORW9"
"Pscabrum_SAf2012_Plate7","F07","ORW4"
"Pscabrum_SAf2012_Plate7","F08","PK13"
"Pscabrum_SAf2012_Plate7","F09","PK24"
"Pscabrum_SAf2012_Plate7","F10","PK14"
"Pscabrum_SAf2012_Plate7","F11","PH14"
"Pscabrum_SAf2012_Plate7","F12","PH12"
"Pscabrum_SAf2012_Plate7","G01","MG54_A"
"Pscabrum_SAf2012_Plate7","G02","MB2"
"Pscabrum_SAf2012_Plate7","G03","MB10"
"Pscabrum_SAf2012_Plate7","G04","ORW10"
"Pscabrum_SAf2012_Plate7","G05","ORW21"
"Pscabrum_SAf2012_Plate7","G06","ORW1"
"Pscabrum_SAf2012_Plate7","G07","PK_A"
"Pscabrum_SAf2012_Plate7","G08","PK15"
"Pscabrum_SAf2012_Plate7","G09","PK4"
"Pscabrum_SAf2012_Plate7","G10","PK16"
"Pscabrum_SAf2012_Plate7","G11","PH16"
"Pscabrum_SAf2012_Plate7","G12","PH15"
"Pscabrum_SAf2012_Plate7","H01","MG54_B"
"Pscabrum_SAf2012_Plate7","H02","MB3"
"Pscabrum_SAf2012_Plate7","H03","MB11"
"Pscabrum_SAf2012_Plate7","H04","ORW12"
"Pscabrum_SAf2012_Plate7","H05","ORW24"
"Pscabrum_SAf2012_Plate7","H06","ORW13"
"Pscabrum_SAf2012_Plate7","H07","PK_B"
"Pscabrum_SAf2012_Plate7","H08","PK17"
"Pscabrum_SAf2012_Plate7","H09","PK5_A"
"Pscabrum_SAf2012_Plate7","H10","PK2"
"Pscabrum_SAf2012_Plate7","H11","PH2"
"Pscabrum_SAf2012_Plate7","H12","PH17"
"Pscabrum_SAf2012_Plate8","A01","PH18"
"Pscabrum_SAf2012_Plate8","A02","PH8"
"Pscabrum_SAf2012_Plate8","A03","LG16"
"Pscabrum_SAf2012_Plate8","A04","carn_144_1"
"Pscabrum_SAf2012_Plate8","A05","carn_293_3"
"Pscabrum_SAf2012_Plate8","A06","carn_142_9"
"Pscabrum_SAf2012_Plate8","A07","carn_142_10"
"Pscabrum_SAf2012_Plate8","A08","ark_6"
"Pscabrum_SAf2012_Plate8","A09","ark_14"
"Pscabrum_SAf2012_Plate8","A10","ark_22"
"Pscabrum_SAf2012_Plate8","A11","ark_30"
"Pscabrum_SAf2012_Plate8","A12","ark_38"
"Pscabrum_SAf2012_Plate8","B01","PH19"
"Pscabrum_SAf2012_Plate8","B02","PH9"
"Pscabrum_SAf2012_Plate8","B03","LG18"
"Pscabrum_SAf2012_Plate8","B04","carn_144_2"
"Pscabrum_SAf2012_Plate8","B05","carn_288_2"
"Pscabrum_SAf2012_Plate8","B06","carn_142_3"
"Pscabrum_SAf2012_Plate8","B07","myrh_142_1"
"Pscabrum_SAf2012_Plate8","B08","ark_7"
"Pscabrum_SAf2012_Plate8","B09","ark_15"
"Pscabrum_SAf2012_Plate8","B10","ark_23"
"Pscabrum_SAf2012_Plate8","B11","ark_31"
"Pscabrum_SAf2012_Plate8","B12","ark_39"
"Pscabrum_SAf2012_Plate8","C01","PH20"
"Pscabrum_SAf2012_Plate8","C02","LG12"
"Pscabrum_SAf2012_Plate8","C03","LG19"
"Pscabrum_SAf2012_Plate8","C04","carn_144_3"
"Pscabrum_SAf2012_Plate8","C05","carn_29_2"
"Pscabrum_SAf2012_Plate8","C06","carn_142_4"
"Pscabrum_SAf2012_Plate8","C07","myrh_142_2"
"Pscabrum_SAf2012_Plate8","C08","ark_8"
"Pscabrum_SAf2012_Plate8","C09","ark_16"
"Pscabrum_SAf2012_Plate8","C10","ark_24"
"Pscabrum_SAf2012_Plate8","C11","ark_32"
"Pscabrum_SAf2012_Plate8","C12","ark_40"
"Pscabrum_SAf2012_Plate8","D01","PH21"
"Pscabrum_SAf2012_Plate8","D02","LG13"
"Pscabrum_SAf2012_Plate8","D03","LG20"
"Pscabrum_SAf2012_Plate8","D04","carn_144_4"
"Pscabrum_SAf2012_Plate8","D05","carn_2"
"Pscabrum_SAf2012_Plate8","D06","carn_142_5"
"Pscabrum_SAf2012_Plate8","D07","ark_1"
"Pscabrum_SAf2012_Plate8","D08","ark_9"
"Pscabrum_SAf2012_Plate8","D09","ark_17"
"Pscabrum_SAf2012_Plate8","D10","ark_25"
"Pscabrum_SAf2012_Plate8","D11","ark_33"
"Pscabrum_SAf2012_Plate8","D12","carn_20_1"
"Pscabrum_SAf2012_Plate8","E01","PH22"
"Pscabrum_SAf2012_Plate8","E02","LG17"
"Pscabrum_SAf2012_Plate8","E03","LG9"
"Pscabrum_SAf2012_Plate8","E04","carn_144_5"
"Pscabrum_SAf2012_Plate8","E05","carnunk_142"
"Pscabrum_SAf2012_Plate8","E06","carn_142_6"
"Pscabrum_SAf2012_Plate8","E07","ark_2"
"Pscabrum_SAf2012_Plate8","E08","ark_10"
"Pscabrum_SAf2012_Plate8","E09","ark_18"
"Pscabrum_SAf2012_Plate8","E10","ark_26"
"Pscabrum_SAf2012_Plate8","E11","ark_34"
"Pscabrum_SAf2012_Plate8","E12","carn_20_2"
"Pscabrum_SAf2012_Plate8","F01","PH23"
"Pscabrum_SAf2012_Plate8","F02","LG28"
"Pscabrum_SAf2012_Plate8","F03","160A_8"
"Pscabrum_SAf2012_Plate8","F04","carn_144_6"
"Pscabrum_SAf2012_Plate8","F05","carnpulch_142"
"Pscabrum_SAf2012_Plate8","F06","carn_142_7"
"Pscabrum_SAf2012_Plate8","F07","ark_3"
"Pscabrum_SAf2012_Plate8","F08","ark_11"
"Pscabrum_SAf2012_Plate8","F09","ark_19"
"Pscabrum_SAf2012_Plate8","F10","ark_27"
"Pscabrum_SAf2012_Plate8","F11","ark_35"
"Pscabrum_SAf2012_Plate8","F12","carn_21_4"
"Pscabrum_SAf2012_Plate8","G01","PH4"
"Pscabrum_SAf2012_Plate8","G02","LG5"
"Pscabrum_SAf2012_Plate8","G03","160A_9"
"Pscabrum_SAf2012_Plate8","G04","carn_144_7"
"Pscabrum_SAf2012_Plate8","G05","carnunk_142_2"
"Pscabrum_SAf2012_Plate8","G06","carn_142_8"
"Pscabrum_SAf2012_Plate8","G07","ark_4"
"Pscabrum_SAf2012_Plate8","G08","ark_12"
"Pscabrum_SAf2012_Plate8","G09","ark_20"
"Pscabrum_SAf2012_Plate8","G10","ark_28"
"Pscabrum_SAf2012_Plate8","G11","ark_36"
"Pscabrum_SAf2012_Plate8","G12","289_1"
"Pscabrum_SAf2012_Plate8","H01","PH7"
"Pscabrum_SAf2012_Plate8","H02","LG15"
"Pscabrum_SAf2012_Plate8","H03","160A_10"
"Pscabrum_SAf2012_Plate8","H04","carn_144_8"
"Pscabrum_SAf2012_Plate8","H05","carn_142_1"
"Pscabrum_SAf2012_Plate8","H06","carn_142_2"
"Pscabrum_SAf2012_Plate8","H07","ark_5"
"Pscabrum_SAf2012_Plate8","H08","ark_13"
"Pscabrum_SAf2012_Plate8","H09","ark_21"
"Pscabrum_SAf2012_Plate8","H10","ark_29"
"Pscabrum_SAf2012_Plate8","H11","ark_37"
"Pscabrum_SAf2012_Plate8","H12","289_2"
