R1Barcode	R2Barcode	Sample	Count
CTCG	ATGAAAG	SAf1A01	258133
TGCA	ATGAAAG	SAf1A02	454389
ACTA	ATGAAAG	SAf1A03	352032
CAGA	ATGAAAG	SAf1A04	272695
AACT	ATGAAAG	SAf1A05	259575
GCGT	ATGAAAG	SAf1A06	232140
CGAT	ATGAAAG	SAf1A07	233750
GTAA	ATGAAAG	SAf1A08	267881
AGGG	ATGAAAG	SAf1A09	216461
GATG	ATGAAAG	SAf1A10	261986
TCAG	ATGAAAG	SAf1A11	222191
TGCG	ATGAAAG	SAf1A12	285844
CGCTT	CTCG	SAf1B01	432827
TCACG	CTCG	SAf1B02	447177
CTAGG	CTCG	SAf1B03	436895
ACAAA	CTCG	SAf1B04	381475
TTCTG	CTCG	SAf1B05	351785
AGCCG	CTCG	SAf1B06	276948
GTATT	CTCG	SAf1B07	261339
CTGTA	CTCG	SAf1B08	346298
ACCGT	CTCG	SAf1B09	281416
GCTTA	CTCG	SAf1B10	317862
GGTGT	CTCG	SAf1B11	330913
AGGAT	CTCG	SAf1B12	272196
ATTGA	ACGACTAG	SAf1C01	349375
CATCT	ACGACTAG	SAf1C02	432426
CCTAG	ACGACTAG	SAf1C03	389942
GAGGA	ACGACTAG	SAf1C04	308185
GGAAG	ACGACTAG	SAf1C05	255004
GTCAA	ACGACTAG	SAf1C06	325734
TAATA	ACGACTAG	SAf1C07	255927
TACAT	ACGACTAG	SAf1C08	273877
TCGTT	ACGACTAG	SAf1C09	246239
GGTTGT	ACGACTAG	SAf1C10	216807
CCAGCT	ACGACTAG	SAf1C11	250129
TTCAGA	ACGACTAG	SAf1C12	225414
TAGGAA	ACTA	SAf1D01	348007
GCTCTA	ACTA	SAf1D02	428586
CCACAA	ACTA	SAf1D03	495628
CTTCCA	ACTA	SAf1D04	361319
GAGATA	ACTA	SAf1D05	337689
ATGCCT	ACTA	SAf1D06	334546
AGTGGA	ACTA	SAf1D07	300652
ACCTAA	ACTA	SAf1D08	283489
ATATGT	ACTA	SAf1D09	245571
ATCGTA	ACTA	SAf1D10	278712
CATCGT	ACTA	SAf1D11	232248
CGCGGT	ACTA	SAf1D12	303474
CTATTA	TGCGA	SAf1E01	296566
GCCAGT	TGCGA	SAf1E02	350664
GGAAGA	TGCGA	SAf1E03	264046
GTACTT	TGCGA	SAf1E04	320370
GTTGAA	TGCGA	SAf1E05	305719
TAACGA	TGCGA	SAf1E06	265943
TGGCTA	TGCGA	SAf1E07	262113
TATTTTT	TGCGA	SAf1E08	311608
CTTGCTT	TGCGA	SAf1E09	229723
ATGAAAG	TGCGA	SAf1E10	240503
AAAAGTT	TGCGA	SAf1E11	284852
GAATTCA	TGCGA	SAf1E12	219333
GAACTTG	CGCTT	SAf1F01	401237
GGACCTA	CGCTT	SAf1F02	424387
GTCGATT	CGCTT	SAf1F03	433215
AACGCCT	CGCTT	SAf1F04	406276
AATATGG	CGCTT	SAf1F05	434929
ACGTGTT	CGCTT	SAf1F06	367872
ATTAATT	CGCTT	SAf1F07	413866
ATTGGAT	CGCTT	SAf1F08	417327
CATAAGT	CGCTT	SAf1F09	355071
CGCTGAT	CGCTT	SAf1F10	334284
CGGTAGA	CGCTT	SAf1F11	288929
CTACGGA	CGCTT	SAf1F12	439790
GCGGAAT	GGTTGT	SAf1G01	556482
TAGCGGA	GGTTGT	SAf1G02	447285
TCGAAGA	GGTTGT	SAf1G03	345992
TCTGTGA	GGTTGT	SAf1G04	546818
TGCTGGA	GGTTGT	SAf1G05	296526
ACGACTAG	GGTTGT	SAf1G06	347308
TAGCATGG	GGTTGT	SAf1G07	299655
TAGGCCAT	GGTTGT	SAf1G08	176459
TGCAAGGA	GGTTGT	SAf1G09	289114
TGGTACGT	GGTTGT	SAf1G10	264261
TCTCAGTG	GGTTGT	SAf1G11	265502
CCGGATAT	GGTTGT	SAf1G12	369959
CGCCTTAT	CCAGCT	SAf1H01	179
AACCGAGA	CCAGCT	SAf1H02	457578
ACAGGGAA	CCAGCT	SAf1H03	387719
ACGTGGTA	CCAGCT	SAf1H04	337957
CCATGGGT	CCAGCT	SAf1H05	340503
CGCGGAGA	CCAGCT	SAf1H06	275474
CGTGTGGT	CCAGCT	SAf1H07	216784
GCTGTGGA	CCAGCT	SAf1H08	345203
GGATTGGT	CCAGCT	SAf1H09	261048
GTGAGGGT	CCAGCT	SAf1H10	255075
TATCGGGA	CCAGCT	SAf1H11	391346
TTCCTGGA	CCAGCT	SAf1H12	349409
CTCG	CCAGCT	SAf2A01	226383
TGCA	CCAGCT	SAf2A02	391317
ACTA	CCAGCT	SAf2A03	397964
CAGA	CCAGCT	SAf2A04	271427
AACT	CCAGCT	SAf2A05	374018
GCGT	CCAGCT	SAf2A06	291221
CGAT	CCAGCT	SAf2A07	155021
GTAA	CCAGCT	SAf2A08	232446
AGGG	CCAGCT	SAf2A09	307911
GATG	CCAGCT	SAf2A10	371216
TCAG	CCAGCT	SAf2A11	197723
TGCG	CCAGCT	SAf2A12	185363
CGCTT	ATGAAAG	SAf2B01	269930
TCACG	ATGAAAG	SAf2B02	278085
CTAGG	ATGAAAG	SAf2B03	287384
ACAAA	ATGAAAG	SAf2B04	277432
TTCTG	ATGAAAG	SAf2B05	300465
AGCCG	ATGAAAG	SAf2B06	255521
GTATT	ATGAAAG	SAf2B07	225399
CTGTA	ATGAAAG	SAf2B08	287297
ACCGT	ATGAAAG	SAf2B09	282054
GCTTA	ATGAAAG	SAf2B10	228190
GGTGT	ATGAAAG	SAf2B11	251828
AGGAT	ATGAAAG	SAf2B12	284934
ATTGA	CTCG	SAf2C01	347564
CATCT	CTCG	SAf2C02	321885
CCTAG	CTCG	SAf2C03	324708
GAGGA	CTCG	SAf2C04	323481
GGAAG	CTCG	SAf2C05	426414
GTCAA	CTCG	SAf2C06	333807
TAATA	CTCG	SAf2C07	282084
TACAT	CTCG	SAf2C08	335009
TCGTT	CTCG	SAf2C09	137561
GGTTGT	CTCG	SAf2C10	86898
CCAGCT	CTCG	SAf2C11	284465
TTCAGA	CTCG	SAf2C12	302414
TAGGAA	ACGACTAG	SAf2D01	251765
GCTCTA	ACGACTAG	SAf2D02	266359
CCACAA	ACGACTAG	SAf2D03	272820
CTTCCA	ACGACTAG	SAf2D04	244524
GAGATA	ACGACTAG	SAf2D05	308407
ATGCCT	ACGACTAG	SAf2D06	285548
AGTGGA	ACGACTAG	SAf2D07	249158
ACCTAA	ACGACTAG	SAf2D08	214175
ATATGT	ACGACTAG	SAf2D09	245365
ATCGTA	ACGACTAG	SAf2D10	216060
CATCGT	ACGACTAG	SAf2D11	211143
CGCGGT	ACGACTAG	SAf2D12	122512
CTATTA	ACTA	SAf2E01	256507
GCCAGT	ACTA	SAf2E02	206593
GGAAGA	ACTA	SAf2E03	301792
GTACTT	ACTA	SAf2E04	242677
GTTGAA	ACTA	SAf2E05	371840
TAACGA	ACTA	SAf2E06	227738
TGGCTA	ACTA	SAf2E07	237279
TATTTTT	ACTA	SAf2E08	302874
CTTGCTT	ACTA	SAf2E09	235462
ATGAAAG	ACTA	SAf2E10	219488
AAAAGTT	ACTA	SAf2E11	263281
GAATTCA	ACTA	SAf2E12	3938
GAACTTG	TGCGA	SAf2F01	175436
GGACCTA	TGCGA	SAf2F02	229165
GTCGATT	TGCGA	SAf2F03	241417
AACGCCT	TGCGA	SAf2F04	196589
AATATGG	TGCGA	SAf2F05	280662
ACGTGTT	TGCGA	SAf2F06	235138
ATTAATT	TGCGA	SAf2F07	348002
ATTGGAT	TGCGA	SAf2F08	255679
CATAAGT	TGCGA	SAf2F09	67432
CGCTGAT	TGCGA	SAf2F10	196441
CGGTAGA	TGCGA	SAf2F11	196279
CTACGGA	TGCGA	SAf2F12	5860
GCGGAAT	CGCTT	SAf2G01	401247
TAGCGGA	CGCTT	SAf2G02	352022
TCGAAGA	CGCTT	SAf2G03	332470
TCTGTGA	CGCTT	SAf2G04	304218
TGCTGGA	CGCTT	SAf2G05	368289
ACGACTAG	CGCTT	SAf2G06	332930
TAGCATGG	CGCTT	SAf2G07	281270
TAGGCCAT	CGCTT	SAf2G08	269950
TGCAAGGA	CGCTT	SAf2G09	163804
TGGTACGT	CGCTT	SAf2G10	126784
TCTCAGTG	CGCTT	SAf2G11	297877
CCGGATAT	CGCTT	SAf2G12	307483
CGCCTTAT	GGTTGT	SAf2H01	103
AACCGAGA	GGTTGT	SAf2H02	197753
ACAGGGAA	GGTTGT	SAf2H03	223371
ACGTGGTA	GGTTGT	SAf2H04	287741
CCATGGGT	GGTTGT	SAf2H05	343182
CGCGGAGA	GGTTGT	SAf2H06	245798
CGTGTGGT	GGTTGT	SAf2H07	251298
GCTGTGGA	GGTTGT	SAf2H08	288018
GGATTGGT	GGTTGT	SAf2H09	205087
GTGAGGGT	GGTTGT	SAf2H10	4741
TATCGGGA	GGTTGT	SAf2H11	109011
TTCCTGGA	GGTTGT	SAf2H12	199433
CTCG	GGTTGT	SAf3A01	88698
TGCA	GGTTGT	SAf3A02	482917
ACTA	GGTTGT	SAf3A03	82794
CAGA	GGTTGT	SAf3A04	244333
AACT	GGTTGT	SAf3A05	154834
GCGT	GGTTGT	SAf3A06	299854
CGAT	GGTTGT	SAf3A07	219911
GTAA	GGTTGT	SAf3A08	247562
AGGG	GGTTGT	SAf3A09	100515
GATG	GGTTGT	SAf3A10	33574
TCAG	GGTTGT	SAf3A11	1508
TGCG	GGTTGT	SAf3A12	189980
CGCTT	CCAGCT	SAf3B01	178888
TCACG	CCAGCT	SAf3B02	310427
CTAGG	CCAGCT	SAf3B03	191938
ACAAA	CCAGCT	SAf3B04	266510
TTCTG	CCAGCT	SAf3B05	348057
AGCCG	CCAGCT	SAf3B06	403780
GTATT	CCAGCT	SAf3B07	382580
CTGTA	CCAGCT	SAf3B08	236672
ACCGT	CCAGCT	SAf3B09	320423
GCTTA	CCAGCT	SAf3B10	77875
GGTGT	CCAGCT	SAf3B11	363677
AGGAT	CCAGCT	SAf3B12	161766
ATTGA	ATGAAAG	SAf3C01	5980
CATCT	ATGAAAG	SAf3C02	173217
CCTAG	ATGAAAG	SAf3C03	181534
GAGGA	ATGAAAG	SAf3C04	147164
GGAAG	ATGAAAG	SAf3C05	153021
GTCAA	ATGAAAG	SAf3C06	46464
TAATA	ATGAAAG	SAf3C07	169313
TACAT	ATGAAAG	SAf3C08	282275
TCGTT	ATGAAAG	SAf3C09	162794
GGTTGT	ATGAAAG	SAf3C10	1039
CCAGCT	ATGAAAG	SAf3C11	195113
TTCAGA	ATGAAAG	SAf3C12	2437
TAGGAA	CTCG	SAf3D01	206944
GCTCTA	CTCG	SAf3D02	189627
CCACAA	CTCG	SAf3D03	4104
CTTCCA	CTCG	SAf3D04	916
GAGATA	CTCG	SAf3D05	151478
ATGCCT	CTCG	SAf3D06	221571
AGTGGA	CTCG	SAf3D07	316394
ACCTAA	CTCG	SAf3D08	258367
ATATGT	CTCG	SAf3D09	35018
ATCGTA	CTCG	SAf3D10	91706
CATCGT	CTCG	SAf3D11	104033
CGCGGT	CTCG	SAf3D12	31249
CTATTA	ACGACTAG	SAf3E01	3218
GCCAGT	ACGACTAG	SAf3E02	67889
GGAAGA	ACGACTAG	SAf3E03	253335
GTACTT	ACGACTAG	SAf3E04	208502
GTTGAA	ACGACTAG	SAf3E05	353086
TAACGA	ACGACTAG	SAf3E06	264153
TGGCTA	ACGACTAG	SAf3E07	247737
TATTTTT	ACGACTAG	SAf3E08	163348
CTTGCTT	ACGACTAG	SAf3E09	178079
ATGAAAG	ACGACTAG	SAf3E10	87024
AAAAGTT	ACGACTAG	SAf3E11	5820
GAATTCA	ACGACTAG	SAf3E12	22991
GAACTTG	ACTA	SAf3F01	431384
GGACCTA	ACTA	SAf3F02	181049
GTCGATT	ACTA	SAf3F03	249582
AACGCCT	ACTA	SAf3F04	166632
AATATGG	ACTA	SAf3F05	213227
ACGTGTT	ACTA	SAf3F06	142392
ATTAATT	ACTA	SAf3F07	91136
ATTGGAT	ACTA	SAf3F08	67038
CATAAGT	ACTA	SAf3F09	164430
CGCTGAT	ACTA	SAf3F10	205891
CGGTAGA	ACTA	SAf3F11	246220
CTACGGA	ACTA	SAf3F12	104095
GCGGAAT	TGCGA	SAf3G01	207080
TAGCGGA	TGCGA	SAf3G02	1319
TCGAAGA	TGCGA	SAf3G03	147888
TCTGTGA	TGCGA	SAf3G04	5072
TGCTGGA	TGCGA	SAf3G05	33418
ACGACTAG	TGCGA	SAf3G06	211104
TAGCATGG	TGCGA	SAf3G07	96457
TAGGCCAT	TGCGA	SAf3G08	60278
TGCAAGGA	TGCGA	SAf3G09	101412
TGGTACGT	TGCGA	SAf3G10	271080
TCTCAGTG	TGCGA	SAf3G11	162
CCGGATAT	TGCGA	SAf3G12	143028
CGCCTTAT	CGCTT	SAf3H01	204
AACCGAGA	CGCTT	SAf3H02	117657
ACAGGGAA	CGCTT	SAf3H03	303686
ACGTGGTA	CGCTT	SAf3H04	245183
CCATGGGT	CGCTT	SAf3H05	284178
CGCGGAGA	CGCTT	SAf3H06	115460
CGTGTGGT	CGCTT	SAf3H07	117199
GCTGTGGA	CGCTT	SAf3H08	199208
GGATTGGT	CGCTT	SAf3H09	218159
GTGAGGGT	CGCTT	SAf3H10	398919
TATCGGGA	CGCTT	SAf3H11	337585
TTCCTGGA	CGCTT	SAf3H12	486513
CTCG	CGCTT	SAf4A01	219681
TGCA	CGCTT	SAf4A02	171819
ACTA	CGCTT	SAf4A03	28530
CAGA	CGCTT	SAf4A04	297305
AACT	CGCTT	SAf4A05	315400
GCGT	CGCTT	SAf4A06	290511
CGAT	CGCTT	SAf4A07	224498
GTAA	CGCTT	SAf4A08	155143
AGGG	CGCTT	SAf4A09	259770
GATG	CGCTT	SAf4A10	207700
TCAG	CGCTT	SAf4A11	205446
TGCG	CGCTT	SAf4A12	191553
CGCTT	GGTTGT	SAf4B01	77893
TCACG	GGTTGT	SAf4B02	1427
CTAGG	GGTTGT	SAf4B03	93798
ACAAA	GGTTGT	SAf4B04	2627
TTCTG	GGTTGT	SAf4B05	350010
AGCCG	GGTTGT	SAf4B06	239695
GTATT	GGTTGT	SAf4B07	231540
CTGTA	GGTTGT	SAf4B08	184661
ACCGT	GGTTGT	SAf4B09	331533
GCTTA	GGTTGT	SAf4B10	277136
GGTGT	GGTTGT	SAf4B11	58691
AGGAT	GGTTGT	SAf4B12	61760
ATTGA	CCAGCT	SAf4C01	96140
CATCT	CCAGCT	SAf4C02	9682
CCTAG	CCAGCT	SAf4C03	196195
GAGGA	CCAGCT	SAf4C04	181470
GGAAG	CCAGCT	SAf4C05	248869
GTCAA	CCAGCT	SAf4C06	278415
TAATA	CCAGCT	SAf4C07	189874
TACAT	CCAGCT	SAf4C08	194531
TCGTT	CCAGCT	SAf4C09	335603
GGTTGT	CCAGCT	SAf4C10	385243
CCAGCT	CCAGCT	SAf4C11	12354
TTCAGA	CCAGCT	SAf4C12	181322
TAGGAA	ATGAAAG	SAf4D01	125875
GCTCTA	ATGAAAG	SAf4D02	2080
CCACAA	ATGAAAG	SAf4D03	418556
CTTCCA	ATGAAAG	SAf4D04	91986
GAGATA	ATGAAAG	SAf4D05	212059
ATGCCT	ATGAAAG	SAf4D06	142411
AGTGGA	ATGAAAG	SAf4D07	376197
ACCTAA	ATGAAAG	SAf4D08	187425
ATATGT	ATGAAAG	SAf4D09	170918
ATCGTA	ATGAAAG	SAf4D10	192602
CATCGT	ATGAAAG	SAf4D11	239157
CGCGGT	ATGAAAG	SAf4D12	170753
CTATTA	CTCG	SAf4E01	157808
GCCAGT	CTCG	SAf4E02	127
GGAAGA	CTCG	SAf4E03	348393
GTACTT	CTCG	SAf4E04	37272
GTTGAA	CTCG	SAf4E05	223295
TAACGA	CTCG	SAf4E06	267386
TGGCTA	CTCG	SAf4E07	78937
TATTTTT	CTCG	SAf4E08	56658
CTTGCTT	CTCG	SAf4E09	51873
ATGAAAG	CTCG	SAf4E10	15630
AAAAGTT	CTCG	SAf4E11	278832
GAATTCA	CTCG	SAf4E12	194249
GAACTTG	ACGACTAG	SAf4F01	157400
GGACCTA	ACGACTAG	SAf4F02	49324
GTCGATT	ACGACTAG	SAf4F03	243792
AACGCCT	ACGACTAG	SAf4F04	224135
AATATGG	ACGACTAG	SAf4F05	447070
ACGTGTT	ACGACTAG	SAf4F06	175821
ATTAATT	ACGACTAG	SAf4F07	196308
ATTGGAT	ACGACTAG	SAf4F08	348078
CATAAGT	ACGACTAG	SAf4F09	257145
CGCTGAT	ACGACTAG	SAf4F10	222498
CGGTAGA	ACGACTAG	SAf4F11	167797
CTACGGA	ACGACTAG	SAf4F12	189751
GCGGAAT	ACTA	SAf4G01	294545
TAGCGGA	ACTA	SAf4G02	135442
TCGAAGA	ACTA	SAf4G03	531130
TCTGTGA	ACTA	SAf4G04	134413
TGCTGGA	ACTA	SAf4G05	278561
ACGACTAG	ACTA	SAf4G06	221311
TAGCATGG	ACTA	SAf4G07	268121
TAGGCCAT	ACTA	SAf4G08	261076
TGCAAGGA	ACTA	SAf4G09	9259
TGGTACGT	ACTA	SAf4G10	210188
TCTCAGTG	ACTA	SAf4G11	219799
CCGGATAT	ACTA	SAf4G12	66
CGCCTTAT	TGCGA	SAf4H01	105
AACCGAGA	TGCGA	SAf4H02	161485
ACAGGGAA	TGCGA	SAf4H03	229671
ACGTGGTA	TGCGA	SAf4H04	165424
CCATGGGT	TGCGA	SAf4H05	147840
CGCGGAGA	TGCGA	SAf4H06	118718
CGTGTGGT	TGCGA	SAf4H07	343021
GCTGTGGA	TGCGA	SAf4H08	159126
GGATTGGT	TGCGA	SAf4H09	223869
GTGAGGGT	TGCGA	SAf4H10	132751
TATCGGGA	TGCGA	SAf4H11	216288
TTCCTGGA	TGCGA	SAf4H12	178
N	N	No Barcode	18376308
